run_id,timestamp_utc,fpga_bin_label,git_commit,git_branch,git_dirty,suite,case_id,exec_key,app,kind,op,backend,variant,stage,name,args,shape_json,calls_per_forward,fpga_bin_dir,xclbin_sha256,warmup,iterations,source,status,returncode,failure_phase,failure_reason,raw_csv,power_csv,power_summary,measure_latency,measure_power,power_samples,power_elapsed_s,power_min_w,power_avg_w,power_max_w,power_parse_error,log_file,elapsed_wall_s,samples,min_us,avg_us,max_us,p50_us,p95_us,fpga_cycle_samples,fpga_cycle_min,fpga_cycle_avg,fpga_cycle_max,fpga_cycle_p50,fpga_cycle_p95,fpga_cycle,fpga_cycle_parse_error
20260629T140256813896Z,2026-06-29T14:03:28+00:00,naive_gemm_tcol32,0b7944f3ac26,fpint_improve,1,prefill_merged_naive_gemm_tcol32,llama3_8b_prefill_C2_batch1_prefill_seq_len512_qblk32_prefill_q_proj,2d0523d90f,fpint_gemm_ffn_hw_naive,gemm,q_proj,fpint_gemm_naive,attn_sgemm_tcu_fpint_gemm_naive_spinquant,prefill,q_proj,-m 512 -n 4096 -k 4096 -q 32 -t 0 -d 0,"{""K"": 4096, ""M"": 512, ""N"": 4096, ""QBLK"": 32, ""QDIR"": 0, ""WTRANS"": 0}",32.0,/opt/vortex_fpga_bins/fpint/xrt_hw_u55c_c1_f100_fpint_noDcache_L2cache_569775c93b/bin,305691383bad7ab314db307aab78a49a7fe03861e41a4b4f5992a28a46e0953c,0,1,explicit,pass,0,,,/home/jaeyongjang/project.local/vortex/analysis_workspace/latency_on_hw/outputs_main/naive_gemm_tcol32/runs/20260629T140256813896Z/raw/2d0523d90f.csv,,,1,0,,,,,,,/home/jaeyongjang/project.local/vortex/analysis_workspace/latency_on_hw/outputs_main/naive_gemm_tcol32/runs/20260629T140256813896Z/logs/2d0523d90f.log,15.739,1,1370558.141,1370558.141,1370558.141,1370558.141,1370558.141,1,136958440,136958440,136958440,136958440,136958440,136958440,
20260629T140256813896Z,2026-06-29T14:03:41+00:00,naive_gemm_tcol32,0b7944f3ac26,fpint_improve,1,prefill_merged_naive_gemm_tcol32,llama3_8b_prefill_C2_batch1_prefill_seq_len512_qblk32_prefill_k_proj,510da116cc,fpint_gemm_ffn_hw_naive,gemm,k_proj,fpint_gemm_naive,attn_sgemm_tcu_fpint_gemm_naive_spinquant,prefill,k_proj,-m 512 -n 1024 -k 4096 -q 32 -t 0 -d 0,"{""K"": 4096, ""M"": 512, ""N"": 1024, ""QBLK"": 32, ""QDIR"": 0, ""WTRANS"": 0}",32.0,/opt/vortex_fpga_bins/fpint/xrt_hw_u55c_c1_f100_fpint_noDcache_L2cache_569775c93b/bin,305691383bad7ab314db307aab78a49a7fe03861e41a4b4f5992a28a46e0953c,0,1,explicit,pass,0,,,/home/jaeyongjang/project.local/vortex/analysis_workspace/latency_on_hw/outputs_main/naive_gemm_tcol32/runs/20260629T140256813896Z/raw/510da116cc.csv,,,1,0,,,,,,,/home/jaeyongjang/project.local/vortex/analysis_workspace/latency_on_hw/outputs_main/naive_gemm_tcol32/runs/20260629T140256813896Z/logs/510da116cc.log,12.506,1,345009.027,345009.027,345009.027,345009.027,345009.027,1,34297684,34297684,34297684,34297684,34297684,34297684,
20260629T140256813896Z,2026-06-29T14:04:10+00:00,naive_gemm_tcol32,0b7944f3ac26,fpint_improve,1,prefill_merged_naive_gemm_tcol32,llama3_8b_prefill_C2_batch1_prefill_seq_len512_qblk32_prefill_gate_proj,b3e315f549,fpint_gemm_ffn_hw_naive,gemm,gate_proj,fpint_gemm_naive,attn_sgemm_tcu_fpint_gemm_naive_spinquant,prefill,gate_proj,-m 512 -n 14336 -k 4096 -q 32 -t 0 -d 0,"{""K"": 4096, ""M"": 512, ""N"": 14336, ""QBLK"": 32, ""QDIR"": 0, ""WTRANS"": 0}",32.0,/opt/vortex_fpga_bins/fpint/xrt_hw_u55c_c1_f100_fpint_noDcache_L2cache_569775c93b/bin,305691383bad7ab314db307aab78a49a7fe03861e41a4b4f5992a28a46e0953c,0,1,explicit,pass,0,,,/home/jaeyongjang/project.local/vortex/analysis_workspace/latency_on_hw/outputs_main/naive_gemm_tcol32/runs/20260629T140256813896Z/raw/b3e315f549.csv,,,1,0,,,,,,,/home/jaeyongjang/project.local/vortex/analysis_workspace/latency_on_hw/outputs_main/naive_gemm_tcol32/runs/20260629T140256813896Z/logs/b3e315f549.log,28.912,1,4814623.735,4814623.735,4814623.735,4814623.735,4814623.735,1,481304487,481304487,481304487,481304487,481304487,481304487,
20260629T140256813896Z,2026-06-29T14:04:36+00:00,naive_gemm_tcol32,0b7944f3ac26,fpint_improve,1,prefill_merged_naive_gemm_tcol32,llama3_8b_prefill_C2_batch1_prefill_seq_len512_qblk32_prefill_down_proj,4d7b7c9aa1,fpint_gemm_ffn_hw_naive,gemm,down_proj,fpint_gemm_naive,attn_sgemm_tcu_fpint_gemm_naive_spinquant,prefill,down_proj,-m 512 -n 4096 -k 14336 -q 32 -t 0 -d 0,"{""K"": 14336, ""M"": 512, ""N"": 4096, ""QBLK"": 32, ""QDIR"": 0, ""WTRANS"": 0}",32.0,/opt/vortex_fpga_bins/fpint/xrt_hw_u55c_c1_f100_fpint_noDcache_L2cache_569775c93b/bin,305691383bad7ab314db307aab78a49a7fe03861e41a4b4f5992a28a46e0953c,0,1,explicit,pass,0,,,/home/jaeyongjang/project.local/vortex/analysis_workspace/latency_on_hw/outputs_main/naive_gemm_tcol32/runs/20260629T140256813896Z/raw/4d7b7c9aa1.csv,,,1,0,,,,,,,/home/jaeyongjang/project.local/vortex/analysis_workspace/latency_on_hw/outputs_main/naive_gemm_tcol32/runs/20260629T140256813896Z/logs/4d7b7c9aa1.log,26.305,1,4798886.031,4798886.031,4798886.031,4798886.031,4798886.031,1,479763535,479763535,479763535,479763535,479763535,479763535,
20260629T140256813896Z,2026-06-29T14:04:56+00:00,naive_gemm_tcol32,0b7944f3ac26,fpint_improve,1,prefill_merged_naive_gemm_tcol32,llama3_8b_prefill_C2_batch1_prefill_seq_len1024_qblk32_prefill_q_proj,786a177c99,fpint_gemm_ffn_hw_naive,gemm,q_proj,fpint_gemm_naive,attn_sgemm_tcu_fpint_gemm_naive_spinquant,prefill,q_proj,-m 1024 -n 4096 -k 4096 -q 32 -t 0 -d 0,"{""K"": 4096, ""M"": 1024, ""N"": 4096, ""QBLK"": 32, ""QDIR"": 0, ""WTRANS"": 0}",32.0,/opt/vortex_fpga_bins/fpint/xrt_hw_u55c_c1_f100_fpint_noDcache_L2cache_569775c93b/bin,305691383bad7ab314db307aab78a49a7fe03861e41a4b4f5992a28a46e0953c,0,1,explicit,pass,0,,,/home/jaeyongjang/project.local/vortex/analysis_workspace/latency_on_hw/outputs_main/naive_gemm_tcol32/runs/20260629T140256813896Z/raw/786a177c99.csv,,,1,0,,,,,,,/home/jaeyongjang/project.local/vortex/analysis_workspace/latency_on_hw/outputs_main/naive_gemm_tcol32/runs/20260629T140256813896Z/logs/786a177c99.log,19.905,1,2739823.454,2739823.454,2739823.454,2739823.454,2739823.454,1,273871071,273871071,273871071,273871071,273871071,273871071,
20260629T140256813896Z,2026-06-29T14:05:10+00:00,naive_gemm_tcol32,0b7944f3ac26,fpint_improve,1,prefill_merged_naive_gemm_tcol32,llama3_8b_prefill_C2_batch1_prefill_seq_len1024_qblk32_prefill_k_proj,f6710e3b5a,fpint_gemm_ffn_hw_naive,gemm,k_proj,fpint_gemm_naive,attn_sgemm_tcu_fpint_gemm_naive_spinquant,prefill,k_proj,-m 1024 -n 1024 -k 4096 -q 32 -t 0 -d 0,"{""K"": 4096, ""M"": 1024, ""N"": 1024, ""QBLK"": 32, ""QDIR"": 0, ""WTRANS"": 0}",32.0,/opt/vortex_fpga_bins/fpint/xrt_hw_u55c_c1_f100_fpint_noDcache_L2cache_569775c93b/bin,305691383bad7ab314db307aab78a49a7fe03861e41a4b4f5992a28a46e0953c,0,1,explicit,pass,0,,,/home/jaeyongjang/project.local/vortex/analysis_workspace/latency_on_hw/outputs_main/naive_gemm_tcol32/runs/20260629T140256813896Z/raw/f6710e3b5a.csv,,,1,0,,,,,,,/home/jaeyongjang/project.local/vortex/analysis_workspace/latency_on_hw/outputs_main/naive_gemm_tcol32/runs/20260629T140256813896Z/logs/f6710e3b5a.log,13.876,1,687035.779,687035.779,687035.779,687035.779,687035.779,1,68551585,68551585,68551585,68551585,68551585,68551585,
20260629T140256813896Z,2026-06-29T14:05:47+00:00,naive_gemm_tcol32,0b7944f3ac26,fpint_improve,1,prefill_merged_naive_gemm_tcol32,llama3_8b_prefill_C2_batch1_prefill_seq_len1024_qblk32_prefill_gate_proj,44f08d08ab,fpint_gemm_ffn_hw_naive,gemm,gate_proj,fpint_gemm_naive,attn_sgemm_tcu_fpint_gemm_naive_spinquant,prefill,gate_proj,-m 1024 -n 14336 -k 4096 -q 32 -t 0 -d 0,"{""K"": 4096, ""M"": 1024, ""N"": 14336, ""QBLK"": 32, ""QDIR"": 0, ""WTRANS"": 0}",32.0,/opt/vortex_fpga_bins/fpint/xrt_hw_u55c_c1_f100_fpint_noDcache_L2cache_569775c93b/bin,305691383bad7ab314db307aab78a49a7fe03861e41a4b4f5992a28a46e0953c,0,1,explicit,pass,0,,,/home/jaeyongjang/project.local/vortex/analysis_workspace/latency_on_hw/outputs_main/naive_gemm_tcol32/runs/20260629T140256813896Z/raw/44f08d08ab.csv,,,1,0,,,,,,,/home/jaeyongjang/project.local/vortex/analysis_workspace/latency_on_hw/outputs_main/naive_gemm_tcol32/runs/20260629T140256813896Z/logs/44f08d08ab.log,36.774,1,9626832.922,9626832.922,9626832.922,9626832.922,9626832.922,1,962551967,962551967,962551967,962551967,962551967,962551967,
20260629T140256813896Z,2026-06-29T14:06:25+00:00,naive_gemm_tcol32,0b7944f3ac26,fpint_improve,1,prefill_merged_naive_gemm_tcol32,llama3_8b_prefill_C2_batch1_prefill_seq_len1024_qblk32_prefill_down_proj,c8149720a7,fpint_gemm_ffn_hw_naive,gemm,down_proj,fpint_gemm_naive,attn_sgemm_tcu_fpint_gemm_naive_spinquant,prefill,down_proj,-m 1024 -n 4096 -k 14336 -q 32 -t 0 -d 0,"{""K"": 14336, ""M"": 1024, ""N"": 4096, ""QBLK"": 32, ""QDIR"": 0, ""WTRANS"": 0}",32.0,/opt/vortex_fpga_bins/fpint/xrt_hw_u55c_c1_f100_fpint_noDcache_L2cache_569775c93b/bin,305691383bad7ab314db307aab78a49a7fe03861e41a4b4f5992a28a46e0953c,0,1,explicit,pass,0,,,/home/jaeyongjang/project.local/vortex/analysis_workspace/latency_on_hw/outputs_main/naive_gemm_tcol32/runs/20260629T140256813896Z/raw/c8149720a7.csv,,,1,0,,,,,,,/home/jaeyongjang/project.local/vortex/analysis_workspace/latency_on_hw/outputs_main/naive_gemm_tcol32/runs/20260629T140256813896Z/logs/c8149720a7.log,37.434,1,9596245.034,9596245.034,9596245.034,9596245.034,9596245.034,1,959502380,959502380,959502380,959502380,959502380,959502380,
20260629T140256813896Z,2026-06-29T14:06:51+00:00,naive_gemm_tcol32,0b7944f3ac26,fpint_improve,1,prefill_merged_naive_gemm_tcol32,llama3_8b_prefill_C2_batch1_prefill_seq_len2048_qblk32_prefill_q_proj,3c8ace3e38,fpint_gemm_ffn_hw_naive,gemm,q_proj,fpint_gemm_naive,attn_sgemm_tcu_fpint_gemm_naive_spinquant,prefill,q_proj,-m 2048 -n 4096 -k 4096 -q 32 -t 0 -d 0,"{""K"": 4096, ""M"": 2048, ""N"": 4096, ""QBLK"": 32, ""QDIR"": 0, ""WTRANS"": 0}",32.0,/opt/vortex_fpga_bins/fpint/xrt_hw_u55c_c1_f100_fpint_noDcache_L2cache_569775c93b/bin,305691383bad7ab314db307aab78a49a7fe03861e41a4b4f5992a28a46e0953c,0,1,explicit,pass,0,,,/home/jaeyongjang/project.local/vortex/analysis_workspace/latency_on_hw/outputs_main/naive_gemm_tcol32/runs/20260629T140256813896Z/raw/3c8ace3e38.csv,,,1,0,,,,,,,/home/jaeyongjang/project.local/vortex/analysis_workspace/latency_on_hw/outputs_main/naive_gemm_tcol32/runs/20260629T140256813896Z/logs/3c8ace3e38.log,26.634,1,5477919.806,5477919.806,5477919.806,5477919.806,5477919.806,1,547700587,547700587,547700587,547700587,547700587,547700587,
20260629T140256813896Z,2026-06-29T14:07:08+00:00,naive_gemm_tcol32,0b7944f3ac26,fpint_improve,1,prefill_merged_naive_gemm_tcol32,llama3_8b_prefill_C2_batch1_prefill_seq_len2048_qblk32_prefill_k_proj,dd90047c9c,fpint_gemm_ffn_hw_naive,gemm,k_proj,fpint_gemm_naive,attn_sgemm_tcu_fpint_gemm_naive_spinquant,prefill,k_proj,-m 2048 -n 1024 -k 4096 -q 32 -t 0 -d 0,"{""K"": 4096, ""M"": 2048, ""N"": 1024, ""QBLK"": 32, ""QDIR"": 0, ""WTRANS"": 0}",32.0,/opt/vortex_fpga_bins/fpint/xrt_hw_u55c_c1_f100_fpint_noDcache_L2cache_569775c93b/bin,305691383bad7ab314db307aab78a49a7fe03861e41a4b4f5992a28a46e0953c,0,1,explicit,pass,0,,,/home/jaeyongjang/project.local/vortex/analysis_workspace/latency_on_hw/outputs_main/naive_gemm_tcol32/runs/20260629T140256813896Z/raw/dd90047c9c.csv,,,1,0,,,,,,,/home/jaeyongjang/project.local/vortex/analysis_workspace/latency_on_hw/outputs_main/naive_gemm_tcol32/runs/20260629T140256813896Z/logs/dd90047c9c.log,16.749,1,1371981.42,1371981.42,1371981.42,1371981.42,1371981.42,1,137056601,137056601,137056601,137056601,137056601,137056601,
20260629T140256813896Z,2026-06-29T14:08:03+00:00,naive_gemm_tcol32,0b7944f3ac26,fpint_improve,1,prefill_merged_naive_gemm_tcol32,llama3_8b_prefill_C2_batch1_prefill_seq_len2048_qblk32_prefill_gate_proj,7ec3f25430,fpint_gemm_ffn_hw_naive,gemm,gate_proj,fpint_gemm_naive,attn_sgemm_tcu_fpint_gemm_naive_spinquant,prefill,gate_proj,-m 2048 -n 14336 -k 4096 -q 32 -t 0 -d 0,"{""K"": 4096, ""M"": 2048, ""N"": 14336, ""QBLK"": 32, ""QDIR"": 0, ""WTRANS"": 0}",32.0,/opt/vortex_fpga_bins/fpint/xrt_hw_u55c_c1_f100_fpint_noDcache_L2cache_569775c93b/bin,305691383bad7ab314db307aab78a49a7fe03861e41a4b4f5992a28a46e0953c,0,1,explicit,pass,0,,,/home/jaeyongjang/project.local/vortex/analysis_workspace/latency_on_hw/outputs_main/naive_gemm_tcol32/runs/20260629T140256813896Z/raw/7ec3f25430.csv,,,1,0,,,,,,,/home/jaeyongjang/project.local/vortex/analysis_workspace/latency_on_hw/outputs_main/naive_gemm_tcol32/runs/20260629T140256813896Z/logs/7ec3f25430.log,54.687,1,19251246.464,19251246.464,19251246.464,19251246.464,19251246.464,1,1925056584,1925056584,1925056584,1925056584,1925056584,1925056584,
20260629T140256813896Z,2026-06-29T14:08:57+00:00,naive_gemm_tcol32,0b7944f3ac26,fpint_improve,1,prefill_merged_naive_gemm_tcol32,llama3_8b_prefill_C2_batch1_prefill_seq_len2048_qblk32_prefill_down_proj,37beff43a5,fpint_gemm_ffn_hw_naive,gemm,down_proj,fpint_gemm_naive,attn_sgemm_tcu_fpint_gemm_naive_spinquant,prefill,down_proj,-m 2048 -n 4096 -k 14336 -q 32 -t 0 -d 0,"{""K"": 14336, ""M"": 2048, ""N"": 4096, ""QBLK"": 32, ""QDIR"": 0, ""WTRANS"": 0}",32.0,/opt/vortex_fpga_bins/fpint/xrt_hw_u55c_c1_f100_fpint_noDcache_L2cache_569775c93b/bin,305691383bad7ab314db307aab78a49a7fe03861e41a4b4f5992a28a46e0953c,0,1,explicit,pass,0,,,/home/jaeyongjang/project.local/vortex/analysis_workspace/latency_on_hw/outputs_main/naive_gemm_tcol32/runs/20260629T140256813896Z/raw/37beff43a5.csv,,,1,0,,,,,,,/home/jaeyongjang/project.local/vortex/analysis_workspace/latency_on_hw/outputs_main/naive_gemm_tcol32/runs/20260629T140256813896Z/logs/37beff43a5.log,53.659,1,19190540.218,19190540.218,19190540.218,19190540.218,19190540.218,1,1918953888,1918953888,1918953888,1918953888,1918953888,1918953888,
20260629T140256813896Z,2026-06-29T14:09:38+00:00,naive_gemm_tcol32,0b7944f3ac26,fpint_improve,1,prefill_merged_naive_gemm_tcol32,llama3_8b_prefill_C2_batch1_prefill_seq_len4096_qblk32_prefill_q_proj,cc3eec6805,fpint_gemm_ffn_hw_naive,gemm,q_proj,fpint_gemm_naive,attn_sgemm_tcu_fpint_gemm_naive_spinquant,prefill,q_proj,-m 4096 -n 4096 -k 4096 -q 32 -t 0 -d 0,"{""K"": 4096, ""M"": 4096, ""N"": 4096, ""QBLK"": 32, ""QDIR"": 0, ""WTRANS"": 0}",32.0,/opt/vortex_fpga_bins/fpint/xrt_hw_u55c_c1_f100_fpint_noDcache_L2cache_569775c93b/bin,305691383bad7ab314db307aab78a49a7fe03861e41a4b4f5992a28a46e0953c,0,1,explicit,pass,0,,,/home/jaeyongjang/project.local/vortex/analysis_workspace/latency_on_hw/outputs_main/naive_gemm_tcol32/runs/20260629T140256813896Z/raw/cc3eec6805.csv,,,1,0,,,,,,,/home/jaeyongjang/project.local/vortex/analysis_workspace/latency_on_hw/outputs_main/naive_gemm_tcol32/runs/20260629T140256813896Z/logs/cc3eec6805.log,41.184,1,10954681.617,10954681.617,10954681.617,10954681.617,10954681.617,1,1095345902,1095345902,1095345902,1095345902,1095345902,1095345902,
20260629T140256813896Z,2026-06-29T14:10:02+00:00,naive_gemm_tcol32,0b7944f3ac26,fpint_improve,1,prefill_merged_naive_gemm_tcol32,llama3_8b_prefill_C2_batch1_prefill_seq_len4096_qblk32_prefill_k_proj,25f4d85c44,fpint_gemm_ffn_hw_naive,gemm,k_proj,fpint_gemm_naive,attn_sgemm_tcu_fpint_gemm_naive_spinquant,prefill,k_proj,-m 4096 -n 1024 -k 4096 -q 32 -t 0 -d 0,"{""K"": 4096, ""M"": 4096, ""N"": 1024, ""QBLK"": 32, ""QDIR"": 0, ""WTRANS"": 0}",32.0,/opt/vortex_fpga_bins/fpint/xrt_hw_u55c_c1_f100_fpint_noDcache_L2cache_569775c93b/bin,305691383bad7ab314db307aab78a49a7fe03861e41a4b4f5992a28a46e0953c,0,1,explicit,pass,0,,,/home/jaeyongjang/project.local/vortex/analysis_workspace/latency_on_hw/outputs_main/naive_gemm_tcol32/runs/20260629T140256813896Z/raw/25f4d85c44.csv,,,1,0,,,,,,,/home/jaeyongjang/project.local/vortex/analysis_workspace/latency_on_hw/outputs_main/naive_gemm_tcol32/runs/20260629T140256813896Z/logs/25f4d85c44.log,24.077,1,2742015.415,2742015.415,2742015.415,2742015.415,2742015.415,1,274066255,274066255,274066255,274066255,274066255,274066255,
20260629T140256813896Z,2026-06-29T14:11:37+00:00,naive_gemm_tcol32,0b7944f3ac26,fpint_improve,1,prefill_merged_naive_gemm_tcol32,llama3_8b_prefill_C2_batch1_prefill_seq_len4096_qblk32_prefill_gate_proj,d6e32bd343,fpint_gemm_ffn_hw_naive,gemm,gate_proj,fpint_gemm_naive,attn_sgemm_tcu_fpint_gemm_naive_spinquant,prefill,gate_proj,-m 4096 -n 14336 -k 4096 -q 32 -t 0 -d 0,"{""K"": 4096, ""M"": 4096, ""N"": 14336, ""QBLK"": 32, ""QDIR"": 0, ""WTRANS"": 0}",32.0,/opt/vortex_fpga_bins/fpint/xrt_hw_u55c_c1_f100_fpint_noDcache_L2cache_569775c93b/bin,305691383bad7ab314db307aab78a49a7fe03861e41a4b4f5992a28a46e0953c,0,1,explicit,pass,0,,,/home/jaeyongjang/project.local/vortex/analysis_workspace/latency_on_hw/outputs_main/naive_gemm_tcol32/runs/20260629T140256813896Z/raw/d6e32bd343.csv,,,1,0,,,,,,,/home/jaeyongjang/project.local/vortex/analysis_workspace/latency_on_hw/outputs_main/naive_gemm_tcol32/runs/20260629T140256813896Z/logs/d6e32bd343.log,94.792,1,38501332.814,38501332.814,38501332.814,38501332.814,38501332.814,1,3850047658,3850047658,3850047658,3850047658,3850047658,3850047658,
20260629T140256813896Z,2026-06-29T14:13:14+00:00,naive_gemm_tcol32,0b7944f3ac26,fpint_improve,1,prefill_merged_naive_gemm_tcol32,llama3_8b_prefill_C2_batch1_prefill_seq_len4096_qblk32_prefill_down_proj,69bbcf78b2,fpint_gemm_ffn_hw_naive,gemm,down_proj,fpint_gemm_naive,attn_sgemm_tcu_fpint_gemm_naive_spinquant,prefill,down_proj,-m 4096 -n 4096 -k 14336 -q 32 -t 0 -d 0,"{""K"": 14336, ""M"": 4096, ""N"": 4096, ""QBLK"": 32, ""QDIR"": 0, ""WTRANS"": 0}",32.0,/opt/vortex_fpga_bins/fpint/xrt_hw_u55c_c1_f100_fpint_noDcache_L2cache_569775c93b/bin,305691383bad7ab314db307aab78a49a7fe03861e41a4b4f5992a28a46e0953c,0,1,explicit,pass,0,,,/home/jaeyongjang/project.local/vortex/analysis_workspace/latency_on_hw/outputs_main/naive_gemm_tcol32/runs/20260629T140256813896Z/raw/69bbcf78b2.csv,,,1,0,,,,,,,/home/jaeyongjang/project.local/vortex/analysis_workspace/latency_on_hw/outputs_main/naive_gemm_tcol32/runs/20260629T140256813896Z/logs/69bbcf78b2.log,96.790,1,38379111.98,38379111.98,38379111.98,38379111.98,38379111.98,1,3837842516,3837842516,3837842516,3837842516,3837842516,3837842516,
20260629T140256813896Z,2026-06-29T14:14:20+00:00,naive_gemm_tcol32,0b7944f3ac26,fpint_improve,1,prefill_merged_naive_gemm_tcol32,llama3_8b_prefill_C2_batch1_prefill_seq_len8192_qblk32_prefill_q_proj,73295de6e8,fpint_gemm_ffn_hw_naive,gemm,q_proj,fpint_gemm_naive,attn_sgemm_tcu_fpint_gemm_naive_spinquant,prefill,q_proj,-m 8192 -n 4096 -k 4096 -q 32 -t 0 -d 0,"{""K"": 4096, ""M"": 8192, ""N"": 4096, ""QBLK"": 32, ""QDIR"": 0, ""WTRANS"": 0}",32.0,/opt/vortex_fpga_bins/fpint/xrt_hw_u55c_c1_f100_fpint_noDcache_L2cache_569775c93b/bin,305691383bad7ab314db307aab78a49a7fe03861e41a4b4f5992a28a46e0953c,0,1,explicit,pass,0,,,/home/jaeyongjang/project.local/vortex/analysis_workspace/latency_on_hw/outputs_main/naive_gemm_tcol32/runs/20260629T140256813896Z/raw/73295de6e8.csv,,,1,0,,,,,,,/home/jaeyongjang/project.local/vortex/analysis_workspace/latency_on_hw/outputs_main/naive_gemm_tcol32/runs/20260629T140256813896Z/logs/73295de6e8.log,65.690,1,21907347.614,21907347.614,21907347.614,21907347.614,21907347.614,1,2190641319,2190641319,2190641319,2190641319,2190641319,2190641319,
20260629T140256813896Z,2026-06-29T14:14:54+00:00,naive_gemm_tcol32,0b7944f3ac26,fpint_improve,1,prefill_merged_naive_gemm_tcol32,llama3_8b_prefill_C2_batch1_prefill_seq_len8192_qblk32_prefill_k_proj,dec6621b71,fpint_gemm_ffn_hw_naive,gemm,k_proj,fpint_gemm_naive,attn_sgemm_tcu_fpint_gemm_naive_spinquant,prefill,k_proj,-m 8192 -n 1024 -k 4096 -q 32 -t 0 -d 0,"{""K"": 4096, ""M"": 8192, ""N"": 1024, ""QBLK"": 32, ""QDIR"": 0, ""WTRANS"": 0}",32.0,/opt/vortex_fpga_bins/fpint/xrt_hw_u55c_c1_f100_fpint_noDcache_L2cache_569775c93b/bin,305691383bad7ab314db307aab78a49a7fe03861e41a4b4f5992a28a46e0953c,0,1,explicit,pass,0,,,/home/jaeyongjang/project.local/vortex/analysis_workspace/latency_on_hw/outputs_main/naive_gemm_tcol32/runs/20260629T140256813896Z/raw/dec6621b71.csv,,,1,0,,,,,,,/home/jaeyongjang/project.local/vortex/analysis_workspace/latency_on_hw/outputs_main/naive_gemm_tcol32/runs/20260629T140256813896Z/logs/dec6621b71.log,34.460,1,5481902.982,5481902.982,5481902.982,5481902.982,5481902.982,1,548089422,548089422,548089422,548089422,548089422,548089422,
20260629T140256813896Z,2026-06-29T14:17:46+00:00,naive_gemm_tcol32,0b7944f3ac26,fpint_improve,1,prefill_merged_naive_gemm_tcol32,llama3_8b_prefill_C2_batch1_prefill_seq_len8192_qblk32_prefill_gate_proj,2d4cf62960,fpint_gemm_ffn_hw_naive,gemm,gate_proj,fpint_gemm_naive,attn_sgemm_tcu_fpint_gemm_naive_spinquant,prefill,gate_proj,-m 8192 -n 14336 -k 4096 -q 32 -t 0 -d 0,"{""K"": 4096, ""M"": 8192, ""N"": 14336, ""QBLK"": 32, ""QDIR"": 0, ""WTRANS"": 0}",32.0,/opt/vortex_fpga_bins/fpint/xrt_hw_u55c_c1_f100_fpint_noDcache_L2cache_569775c93b/bin,305691383bad7ab314db307aab78a49a7fe03861e41a4b4f5992a28a46e0953c,0,1,explicit,pass,0,,,/home/jaeyongjang/project.local/vortex/analysis_workspace/latency_on_hw/outputs_main/naive_gemm_tcol32/runs/20260629T140256813896Z/raw/2d4cf62960.csv,,,1,0,,,,,,,/home/jaeyongjang/project.local/vortex/analysis_workspace/latency_on_hw/outputs_main/naive_gemm_tcol32/runs/20260629T140256813896Z/logs/2d4cf62960.log,171.475,1,77000865.897,77000865.897,77000865.897,77000865.897,77000865.897,1,7700062164,7700062164,7700062164,7700062164,7700062164,7700062164,
20260629T140256813896Z,2026-06-29T14:20:38+00:00,naive_gemm_tcol32,0b7944f3ac26,fpint_improve,1,prefill_merged_naive_gemm_tcol32,llama3_8b_prefill_C2_batch1_prefill_seq_len8192_qblk32_prefill_down_proj,dff37acfa2,fpint_gemm_ffn_hw_naive,gemm,down_proj,fpint_gemm_naive,attn_sgemm_tcu_fpint_gemm_naive_spinquant,prefill,down_proj,-m 8192 -n 4096 -k 14336 -q 32 -t 0 -d 0,"{""K"": 14336, ""M"": 8192, ""N"": 4096, ""QBLK"": 32, ""QDIR"": 0, ""WTRANS"": 0}",32.0,/opt/vortex_fpga_bins/fpint/xrt_hw_u55c_c1_f100_fpint_noDcache_L2cache_569775c93b/bin,305691383bad7ab314db307aab78a49a7fe03861e41a4b4f5992a28a46e0953c,0,1,explicit,pass,0,,,/home/jaeyongjang/project.local/vortex/analysis_workspace/latency_on_hw/outputs_main/naive_gemm_tcol32/runs/20260629T140256813896Z/raw/dff37acfa2.csv,,,1,0,,,,,,,/home/jaeyongjang/project.local/vortex/analysis_workspace/latency_on_hw/outputs_main/naive_gemm_tcol32/runs/20260629T140256813896Z/logs/dff37acfa2.log,171.882,1,76757011.381,76757011.381,76757011.381,76757011.381,76757011.381,1,7675633077,7675633077,7675633077,7675633077,7675633077,7675633077,
20260629T140256813896Z,2026-06-29T14:22:39+00:00,naive_gemm_tcol32,0b7944f3ac26,fpint_improve,1,prefill_merged_naive_gemm_tcol32,llama3_8b_prefill_C2_batch1_prefill_seq_len16384_qblk32_prefill_q_proj,9951bed316,fpint_gemm_ffn_hw_naive,gemm,q_proj,fpint_gemm_naive,attn_sgemm_tcu_fpint_gemm_naive_spinquant,prefill,q_proj,-m 16384 -n 4096 -k 4096 -q 32 -t 0 -d 0,"{""K"": 4096, ""M"": 16384, ""N"": 4096, ""QBLK"": 32, ""QDIR"": 0, ""WTRANS"": 0}",32.0,/opt/vortex_fpga_bins/fpint/xrt_hw_u55c_c1_f100_fpint_noDcache_L2cache_569775c93b/bin,305691383bad7ab314db307aab78a49a7fe03861e41a4b4f5992a28a46e0953c,0,1,explicit,pass,0,,,/home/jaeyongjang/project.local/vortex/analysis_workspace/latency_on_hw/outputs_main/naive_gemm_tcol32/runs/20260629T140256813896Z/raw/9951bed316.csv,,,1,0,,,,,,,/home/jaeyongjang/project.local/vortex/analysis_workspace/latency_on_hw/outputs_main/naive_gemm_tcol32/runs/20260629T140256813896Z/logs/9951bed316.log,121.184,1,43813805.469,43813805.469,43813805.469,43813805.469,43813805.469,1,4381265641,4381265641,4381265641,4381265641,4381265641,4381265641,
20260629T140256813896Z,2026-06-29T14:23:39+00:00,naive_gemm_tcol32,0b7944f3ac26,fpint_improve,1,prefill_merged_naive_gemm_tcol32,llama3_8b_prefill_C2_batch1_prefill_seq_len16384_qblk32_prefill_k_proj,bab8a6f7e9,fpint_gemm_ffn_hw_naive,gemm,k_proj,fpint_gemm_naive,attn_sgemm_tcu_fpint_gemm_naive_spinquant,prefill,k_proj,-m 16384 -n 1024 -k 4096 -q 32 -t 0 -d 0,"{""K"": 4096, ""M"": 16384, ""N"": 1024, ""QBLK"": 32, ""QDIR"": 0, ""WTRANS"": 0}",32.0,/opt/vortex_fpga_bins/fpint/xrt_hw_u55c_c1_f100_fpint_noDcache_L2cache_569775c93b/bin,305691383bad7ab314db307aab78a49a7fe03861e41a4b4f5992a28a46e0953c,0,1,explicit,pass,0,,,/home/jaeyongjang/project.local/vortex/analysis_workspace/latency_on_hw/outputs_main/naive_gemm_tcol32/runs/20260629T140256813896Z/raw/bab8a6f7e9.csv,,,1,0,,,,,,,/home/jaeyongjang/project.local/vortex/analysis_workspace/latency_on_hw/outputs_main/naive_gemm_tcol32/runs/20260629T140256813896Z/logs/bab8a6f7e9.log,59.572,1,10963058.731,10963058.731,10963058.731,10963058.731,10963058.731,1,1096141077,1096141077,1096141077,1096141077,1096141077,1096141077,
20260629T140256813896Z,2026-06-29T14:29:03+00:00,naive_gemm_tcol32,0b7944f3ac26,fpint_improve,1,prefill_merged_naive_gemm_tcol32,llama3_8b_prefill_C2_batch1_prefill_seq_len16384_qblk32_prefill_gate_proj,b835024490,fpint_gemm_ffn_hw_naive,gemm,gate_proj,fpint_gemm_naive,attn_sgemm_tcu_fpint_gemm_naive_spinquant,prefill,gate_proj,-m 16384 -n 14336 -k 4096 -q 32 -t 0 -d 0,"{""K"": 4096, ""M"": 16384, ""N"": 14336, ""QBLK"": 32, ""QDIR"": 0, ""WTRANS"": 0}",32.0,/opt/vortex_fpga_bins/fpint/xrt_hw_u55c_c1_f100_fpint_noDcache_L2cache_569775c93b/bin,305691383bad7ab314db307aab78a49a7fe03861e41a4b4f5992a28a46e0953c,0,1,explicit,pass,0,,,/home/jaeyongjang/project.local/vortex/analysis_workspace/latency_on_hw/outputs_main/naive_gemm_tcol32/runs/20260629T140256813896Z/raw/b835024490.csv,,,1,0,,,,,,,/home/jaeyongjang/project.local/vortex/analysis_workspace/latency_on_hw/outputs_main/naive_gemm_tcol32/runs/20260629T140256813896Z/logs/b835024490.log,323.653,1,154002502.067,154002502.067,154002502.067,154002502.067,154002502.067,1,15400032868,15400032868,15400032868,15400032868,15400032868,15400032868,
20260629T140256813896Z,2026-06-29T14:34:29+00:00,naive_gemm_tcol32,0b7944f3ac26,fpint_improve,1,prefill_merged_naive_gemm_tcol32,llama3_8b_prefill_C2_batch1_prefill_seq_len16384_qblk32_prefill_down_proj,f179d18a66,fpint_gemm_ffn_hw_naive,gemm,down_proj,fpint_gemm_naive,attn_sgemm_tcu_fpint_gemm_naive_spinquant,prefill,down_proj,-m 16384 -n 4096 -k 14336 -q 32 -t 0 -d 0,"{""K"": 14336, ""M"": 16384, ""N"": 4096, ""QBLK"": 32, ""QDIR"": 0, ""WTRANS"": 0}",32.0,/opt/vortex_fpga_bins/fpint/xrt_hw_u55c_c1_f100_fpint_noDcache_L2cache_569775c93b/bin,305691383bad7ab314db307aab78a49a7fe03861e41a4b4f5992a28a46e0953c,0,1,explicit,pass,0,,,/home/jaeyongjang/project.local/vortex/analysis_workspace/latency_on_hw/outputs_main/naive_gemm_tcol32/runs/20260629T140256813896Z/raw/f179d18a66.csv,,,1,0,,,,,,,/home/jaeyongjang/project.local/vortex/analysis_workspace/latency_on_hw/outputs_main/naive_gemm_tcol32/runs/20260629T140256813896Z/logs/f179d18a66.log,326.078,1,153513775.383,153513775.383,153513775.383,153513775.383,153513775.383,1,15351249068,15351249068,15351249068,15351249068,15351249068,15351249068,
20260629T140256813896Z,2026-06-29T14:38:25+00:00,naive_gemm_tcol32,0b7944f3ac26,fpint_improve,1,prefill_merged_naive_gemm_tcol32,llama3_8b_prefill_C2_batch1_prefill_seq_len32768_qblk32_prefill_q_proj,58ca022c0a,fpint_gemm_ffn_hw_naive,gemm,q_proj,fpint_gemm_naive,attn_sgemm_tcu_fpint_gemm_naive_spinquant,prefill,q_proj,-m 32768 -n 4096 -k 4096 -q 32 -t 0 -d 0,"{""K"": 4096, ""M"": 32768, ""N"": 4096, ""QBLK"": 32, ""QDIR"": 0, ""WTRANS"": 0}",32.0,/opt/vortex_fpga_bins/fpint/xrt_hw_u55c_c1_f100_fpint_noDcache_L2cache_569775c93b/bin,305691383bad7ab314db307aab78a49a7fe03861e41a4b4f5992a28a46e0953c,0,1,explicit,pass,0,,,/home/jaeyongjang/project.local/vortex/analysis_workspace/latency_on_hw/outputs_main/naive_gemm_tcol32/runs/20260629T140256813896Z/raw/58ca022c0a.csv,,,1,0,,,,,,,/home/jaeyongjang/project.local/vortex/analysis_workspace/latency_on_hw/outputs_main/naive_gemm_tcol32/runs/20260629T140256813896Z/logs/58ca022c0a.log,236.122,1,87625677.632,87625677.632,87625677.632,87625677.632,87625677.632,1,8762460152,8762460152,8762460152,8762460152,8762460152,8762460152,
20260629T140256813896Z,2026-06-29T14:40:20+00:00,naive_gemm_tcol32,0b7944f3ac26,fpint_improve,1,prefill_merged_naive_gemm_tcol32,llama3_8b_prefill_C2_batch1_prefill_seq_len32768_qblk32_prefill_k_proj,9f47f389b3,fpint_gemm_ffn_hw_naive,gemm,k_proj,fpint_gemm_naive,attn_sgemm_tcu_fpint_gemm_naive_spinquant,prefill,k_proj,-m 32768 -n 1024 -k 4096 -q 32 -t 0 -d 0,"{""K"": 4096, ""M"": 32768, ""N"": 1024, ""QBLK"": 32, ""QDIR"": 0, ""WTRANS"": 0}",32.0,/opt/vortex_fpga_bins/fpint/xrt_hw_u55c_c1_f100_fpint_noDcache_L2cache_569775c93b/bin,305691383bad7ab314db307aab78a49a7fe03861e41a4b4f5992a28a46e0953c,0,1,explicit,pass,0,,,/home/jaeyongjang/project.local/vortex/analysis_workspace/latency_on_hw/outputs_main/naive_gemm_tcol32/runs/20260629T140256813896Z/raw/9f47f389b3.csv,,,1,0,,,,,,,/home/jaeyongjang/project.local/vortex/analysis_workspace/latency_on_hw/outputs_main/naive_gemm_tcol32/runs/20260629T140256813896Z/logs/9f47f389b3.log,114.387,1,21923986.729,21923986.729,21923986.729,21923986.729,21923986.729,1,2192228854,2192228854,2192228854,2192228854,2192228854,2192228854,
20260629T140256813896Z,2026-06-29T14:50:23+00:00,naive_gemm_tcol32,0b7944f3ac26,fpint_improve,1,prefill_merged_naive_gemm_tcol32,llama3_8b_prefill_C2_batch1_prefill_seq_len32768_qblk32_prefill_gate_proj,856fa5b1c4,fpint_gemm_ffn_hw_naive,gemm,gate_proj,fpint_gemm_naive,attn_sgemm_tcu_fpint_gemm_naive_spinquant,prefill,gate_proj,-m 32768 -n 14336 -k 4096 -q 32 -t 0 -d 0,"{""K"": 4096, ""M"": 32768, ""N"": 14336, ""QBLK"": 32, ""QDIR"": 0, ""WTRANS"": 0}",32.0,/opt/vortex_fpga_bins/fpint/xrt_hw_u55c_c1_f100_fpint_noDcache_L2cache_569775c93b/bin,305691383bad7ab314db307aab78a49a7fe03861e41a4b4f5992a28a46e0953c,0,1,explicit,timeout,124,run,timeout,/home/jaeyongjang/project.local/vortex/analysis_workspace/latency_on_hw/outputs_main/naive_gemm_tcol32/runs/20260629T140256813896Z/raw/856fa5b1c4.csv,,,1,0,,,,,,,/home/jaeyongjang/project.local/vortex/analysis_workspace/latency_on_hw/outputs_main/naive_gemm_tcol32/runs/20260629T140256813896Z/logs/856fa5b1c4.log,603.745,,,,,,,,,,,,,,missing_fpga_cycle
20260629T140256813896Z,2026-06-29T15:00:27+00:00,naive_gemm_tcol32,0b7944f3ac26,fpint_improve,1,prefill_merged_naive_gemm_tcol32,llama3_8b_prefill_C2_batch1_prefill_seq_len32768_qblk32_prefill_down_proj,dd6d586eac,fpint_gemm_ffn_hw_naive,gemm,down_proj,fpint_gemm_naive,attn_sgemm_tcu_fpint_gemm_naive_spinquant,prefill,down_proj,-m 32768 -n 4096 -k 14336 -q 32 -t 0 -d 0,"{""K"": 14336, ""M"": 32768, ""N"": 4096, ""QBLK"": 32, ""QDIR"": 0, ""WTRANS"": 0}",32.0,/opt/vortex_fpga_bins/fpint/xrt_hw_u55c_c1_f100_fpint_noDcache_L2cache_569775c93b/bin,305691383bad7ab314db307aab78a49a7fe03861e41a4b4f5992a28a46e0953c,0,1,explicit,timeout,124,run,timeout,/home/jaeyongjang/project.local/vortex/analysis_workspace/latency_on_hw/outputs_main/naive_gemm_tcol32/runs/20260629T140256813896Z/raw/dd6d586eac.csv,,,1,0,,,,,,,/home/jaeyongjang/project.local/vortex/analysis_workspace/latency_on_hw/outputs_main/naive_gemm_tcol32/runs/20260629T140256813896Z/logs/dd6d586eac.log,603.545,,,,,,,,,,,,,,missing_fpga_cycle
20260629T140256813896Z,2026-06-29T15:05:38+00:00,naive_gemm_tcol32,0b7944f3ac26,fpint_improve,1,prefill_merged_naive_gemm_tcol32,llama3_8b_prefill_C2_batch2_prefill_seq_len32768_qblk32_prefill_q_proj,83fbabad59,fpint_gemm_ffn_hw_naive,gemm,q_proj,fpint_gemm_naive,attn_sgemm_tcu_fpint_gemm_naive_spinquant,prefill,q_proj,-m 65536 -n 4096 -k 4096 -q 32 -t 0 -d 0,"{""K"": 4096, ""M"": 65536, ""N"": 4096, ""QBLK"": 32, ""QDIR"": 0, ""WTRANS"": 0}",32.0,/opt/vortex_fpga_bins/fpint/xrt_hw_u55c_c1_f100_fpint_noDcache_L2cache_569775c93b/bin,305691383bad7ab314db307aab78a49a7fe03861e41a4b4f5992a28a46e0953c,0,1,explicit,fail,2,run,run,/home/jaeyongjang/project.local/vortex/analysis_workspace/latency_on_hw/outputs_main/naive_gemm_tcol32/runs/20260629T140256813896Z/raw/83fbabad59.csv,,,1,0,,,,,,,/home/jaeyongjang/project.local/vortex/analysis_workspace/latency_on_hw/outputs_main/naive_gemm_tcol32/runs/20260629T140256813896Z/logs/83fbabad59.log,310.639,,,,,,,1,30703729572,30703729572,30703729572,30703729572,30703729572,30703729572,
20260629T140256813896Z,2026-06-29T15:09:20+00:00,naive_gemm_tcol32,0b7944f3ac26,fpint_improve,1,prefill_merged_naive_gemm_tcol32,llama3_8b_prefill_C2_batch2_prefill_seq_len32768_qblk32_prefill_k_proj,0ff0ff4c05,fpint_gemm_ffn_hw_naive,gemm,k_proj,fpint_gemm_naive,attn_sgemm_tcu_fpint_gemm_naive_spinquant,prefill,k_proj,-m 65536 -n 1024 -k 4096 -q 32 -t 0 -d 0,"{""K"": 4096, ""M"": 65536, ""N"": 1024, ""QBLK"": 32, ""QDIR"": 0, ""WTRANS"": 0}",32.0,/opt/vortex_fpga_bins/fpint/xrt_hw_u55c_c1_f100_fpint_noDcache_L2cache_569775c93b/bin,305691383bad7ab314db307aab78a49a7fe03861e41a4b4f5992a28a46e0953c,0,1,explicit,pass,0,,,/home/jaeyongjang/project.local/vortex/analysis_workspace/latency_on_hw/outputs_main/naive_gemm_tcol32/runs/20260629T140256813896Z/raw/0ff0ff4c05.csv,,,1,0,,,,,,,/home/jaeyongjang/project.local/vortex/analysis_workspace/latency_on_hw/outputs_main/naive_gemm_tcol32/runs/20260629T140256813896Z/logs/0ff0ff4c05.log,221.742,1,43845521.825,43845521.825,43845521.825,43845521.825,43845521.825,1,4384403230,4384403230,4384403230,4384403230,4384403230,4384403230,
20260629T140256813896Z,2026-06-29T15:19:24+00:00,naive_gemm_tcol32,0b7944f3ac26,fpint_improve,1,prefill_merged_naive_gemm_tcol32,llama3_8b_prefill_C2_batch2_prefill_seq_len32768_qblk32_prefill_gate_proj,ed5c59f3d7,fpint_gemm_ffn_hw_naive,gemm,gate_proj,fpint_gemm_naive,attn_sgemm_tcu_fpint_gemm_naive_spinquant,prefill,gate_proj,-m 65536 -n 14336 -k 4096 -q 32 -t 0 -d 0,"{""K"": 4096, ""M"": 65536, ""N"": 14336, ""QBLK"": 32, ""QDIR"": 0, ""WTRANS"": 0}",32.0,/opt/vortex_fpga_bins/fpint/xrt_hw_u55c_c1_f100_fpint_noDcache_L2cache_569775c93b/bin,305691383bad7ab314db307aab78a49a7fe03861e41a4b4f5992a28a46e0953c,0,1,explicit,timeout,124,run,timeout,/home/jaeyongjang/project.local/vortex/analysis_workspace/latency_on_hw/outputs_main/naive_gemm_tcol32/runs/20260629T140256813896Z/raw/ed5c59f3d7.csv,,,1,0,,,,,,,/home/jaeyongjang/project.local/vortex/analysis_workspace/latency_on_hw/outputs_main/naive_gemm_tcol32/runs/20260629T140256813896Z/logs/ed5c59f3d7.log,603.862,,,,,,,,,,,,,,missing_fpga_cycle
20260629T140256813896Z,2026-06-29T15:29:28+00:00,naive_gemm_tcol32,0b7944f3ac26,fpint_improve,1,prefill_merged_naive_gemm_tcol32,llama3_8b_prefill_C2_batch2_prefill_seq_len32768_qblk32_prefill_down_proj,b7473d68d7,fpint_gemm_ffn_hw_naive,gemm,down_proj,fpint_gemm_naive,attn_sgemm_tcu_fpint_gemm_naive_spinquant,prefill,down_proj,-m 65536 -n 4096 -k 14336 -q 32 -t 0 -d 0,"{""K"": 14336, ""M"": 65536, ""N"": 4096, ""QBLK"": 32, ""QDIR"": 0, ""WTRANS"": 0}",32.0,/opt/vortex_fpga_bins/fpint/xrt_hw_u55c_c1_f100_fpint_noDcache_L2cache_569775c93b/bin,305691383bad7ab314db307aab78a49a7fe03861e41a4b4f5992a28a46e0953c,0,1,explicit,timeout,124,run,timeout,/home/jaeyongjang/project.local/vortex/analysis_workspace/latency_on_hw/outputs_main/naive_gemm_tcol32/runs/20260629T140256813896Z/raw/b7473d68d7.csv,,,1,0,,,,,,,/home/jaeyongjang/project.local/vortex/analysis_workspace/latency_on_hw/outputs_main/naive_gemm_tcol32/runs/20260629T140256813896Z/logs/b7473d68d7.log,603.946,,,,,,,,,,,,,,missing_fpga_cycle
20260629T140256813896Z,2026-06-29T15:39:31+00:00,naive_gemm_tcol32,0b7944f3ac26,fpint_improve,1,prefill_merged_naive_gemm_tcol32,llama3_8b_prefill_C2_batch4_prefill_seq_len32768_qblk32_prefill_q_proj,913fb5c1a5,fpint_gemm_ffn_hw_naive,gemm,q_proj,fpint_gemm_naive,attn_sgemm_tcu_fpint_gemm_naive_spinquant,prefill,q_proj,-m 131072 -n 4096 -k 4096 -q 32 -t 0 -d 0,"{""K"": 4096, ""M"": 131072, ""N"": 4096, ""QBLK"": 32, ""QDIR"": 0, ""WTRANS"": 0}",32.0,/opt/vortex_fpga_bins/fpint/xrt_hw_u55c_c1_f100_fpint_noDcache_L2cache_569775c93b/bin,305691383bad7ab314db307aab78a49a7fe03861e41a4b4f5992a28a46e0953c,0,1,explicit,timeout,124,run,timeout,/home/jaeyongjang/project.local/vortex/analysis_workspace/latency_on_hw/outputs_main/naive_gemm_tcol32/runs/20260629T140256813896Z/raw/913fb5c1a5.csv,,,1,0,,,,,,,/home/jaeyongjang/project.local/vortex/analysis_workspace/latency_on_hw/outputs_main/naive_gemm_tcol32/runs/20260629T140256813896Z/logs/913fb5c1a5.log,602.943,,,,,,,,,,,,,,missing_fpga_cycle
20260629T140256813896Z,2026-06-29T15:47:05+00:00,naive_gemm_tcol32,0b7944f3ac26,fpint_improve,1,prefill_merged_naive_gemm_tcol32,llama3_8b_prefill_C2_batch4_prefill_seq_len32768_qblk32_prefill_k_proj,497afb9f82,fpint_gemm_ffn_hw_naive,gemm,k_proj,fpint_gemm_naive,attn_sgemm_tcu_fpint_gemm_naive_spinquant,prefill,k_proj,-m 131072 -n 1024 -k 4096 -q 32 -t 0 -d 0,"{""K"": 4096, ""M"": 131072, ""N"": 1024, ""QBLK"": 32, ""QDIR"": 0, ""WTRANS"": 0}",32.0,/opt/vortex_fpga_bins/fpint/xrt_hw_u55c_c1_f100_fpint_noDcache_L2cache_569775c93b/bin,305691383bad7ab314db307aab78a49a7fe03861e41a4b4f5992a28a46e0953c,0,1,explicit,pass,0,,,/home/jaeyongjang/project.local/vortex/analysis_workspace/latency_on_hw/outputs_main/naive_gemm_tcol32/runs/20260629T140256813896Z/raw/497afb9f82.csv,,,1,0,,,,,,,/home/jaeyongjang/project.local/vortex/analysis_workspace/latency_on_hw/outputs_main/naive_gemm_tcol32/runs/20260629T140256813896Z/logs/497afb9f82.log,454.256,1,87689885.69,87689885.69,87689885.69,87689885.69,87689885.69,1,8768791719,8768791719,8768791719,8768791719,8768791719,8768791719,
20260629T140256813896Z,2026-06-29T15:57:09+00:00,naive_gemm_tcol32,0b7944f3ac26,fpint_improve,1,prefill_merged_naive_gemm_tcol32,llama3_8b_prefill_C2_batch4_prefill_seq_len32768_qblk32_prefill_gate_proj,85793fcf6b,fpint_gemm_ffn_hw_naive,gemm,gate_proj,fpint_gemm_naive,attn_sgemm_tcu_fpint_gemm_naive_spinquant,prefill,gate_proj,-m 131072 -n 14336 -k 4096 -q 32 -t 0 -d 0,"{""K"": 4096, ""M"": 131072, ""N"": 14336, ""QBLK"": 32, ""QDIR"": 0, ""WTRANS"": 0}",32.0,/opt/vortex_fpga_bins/fpint/xrt_hw_u55c_c1_f100_fpint_noDcache_L2cache_569775c93b/bin,305691383bad7ab314db307aab78a49a7fe03861e41a4b4f5992a28a46e0953c,0,1,explicit,timeout,124,run,timeout,/home/jaeyongjang/project.local/vortex/analysis_workspace/latency_on_hw/outputs_main/naive_gemm_tcol32/runs/20260629T140256813896Z/raw/85793fcf6b.csv,,,1,0,,,,,,,/home/jaeyongjang/project.local/vortex/analysis_workspace/latency_on_hw/outputs_main/naive_gemm_tcol32/runs/20260629T140256813896Z/logs/85793fcf6b.log,603.504,,,,,,,,,,,,,,missing_fpga_cycle
20260629T140256813896Z,2026-06-29T16:07:12+00:00,naive_gemm_tcol32,0b7944f3ac26,fpint_improve,1,prefill_merged_naive_gemm_tcol32,llama3_8b_prefill_C2_batch4_prefill_seq_len32768_qblk32_prefill_down_proj,d258fbc83c,fpint_gemm_ffn_hw_naive,gemm,down_proj,fpint_gemm_naive,attn_sgemm_tcu_fpint_gemm_naive_spinquant,prefill,down_proj,-m 131072 -n 4096 -k 14336 -q 32 -t 0 -d 0,"{""K"": 14336, ""M"": 131072, ""N"": 4096, ""QBLK"": 32, ""QDIR"": 0, ""WTRANS"": 0}",32.0,/opt/vortex_fpga_bins/fpint/xrt_hw_u55c_c1_f100_fpint_noDcache_L2cache_569775c93b/bin,305691383bad7ab314db307aab78a49a7fe03861e41a4b4f5992a28a46e0953c,0,1,explicit,timeout,124,run,timeout,/home/jaeyongjang/project.local/vortex/analysis_workspace/latency_on_hw/outputs_main/naive_gemm_tcol32/runs/20260629T140256813896Z/raw/d258fbc83c.csv,,,1,0,,,,,,,/home/jaeyongjang/project.local/vortex/analysis_workspace/latency_on_hw/outputs_main/naive_gemm_tcol32/runs/20260629T140256813896Z/logs/d258fbc83c.log,602.839,,,,,,,,,,,,,,missing_fpga_cycle
20260629T140256813896Z,2026-06-29T16:17:15+00:00,naive_gemm_tcol32,0b7944f3ac26,fpint_improve,1,prefill_merged_naive_gemm_tcol32,llama3_8b_prefill_C2_batch8_prefill_seq_len32768_qblk32_prefill_q_proj,d85931d094,fpint_gemm_ffn_hw_naive,gemm,q_proj,fpint_gemm_naive,attn_sgemm_tcu_fpint_gemm_naive_spinquant,prefill,q_proj,-m 262144 -n 4096 -k 4096 -q 32 -t 0 -d 0,"{""K"": 4096, ""M"": 262144, ""N"": 4096, ""QBLK"": 32, ""QDIR"": 0, ""WTRANS"": 0}",32.0,/opt/vortex_fpga_bins/fpint/xrt_hw_u55c_c1_f100_fpint_noDcache_L2cache_569775c93b/bin,305691383bad7ab314db307aab78a49a7fe03861e41a4b4f5992a28a46e0953c,0,1,explicit,timeout,124,run,timeout,/home/jaeyongjang/project.local/vortex/analysis_workspace/latency_on_hw/outputs_main/naive_gemm_tcol32/runs/20260629T140256813896Z/raw/d85931d094.csv,,,1,0,,,,,,,/home/jaeyongjang/project.local/vortex/analysis_workspace/latency_on_hw/outputs_main/naive_gemm_tcol32/runs/20260629T140256813896Z/logs/d85931d094.log,602.564,,,,,,,,,,,,,,missing_fpga_cycle
20260629T140256813896Z,2026-06-29T16:27:17+00:00,naive_gemm_tcol32,0b7944f3ac26,fpint_improve,1,prefill_merged_naive_gemm_tcol32,llama3_8b_prefill_C2_batch8_prefill_seq_len32768_qblk32_prefill_k_proj,d8859bf8b0,fpint_gemm_ffn_hw_naive,gemm,k_proj,fpint_gemm_naive,attn_sgemm_tcu_fpint_gemm_naive_spinquant,prefill,k_proj,-m 262144 -n 1024 -k 4096 -q 32 -t 0 -d 0,"{""K"": 4096, ""M"": 262144, ""N"": 1024, ""QBLK"": 32, ""QDIR"": 0, ""WTRANS"": 0}",32.0,/opt/vortex_fpga_bins/fpint/xrt_hw_u55c_c1_f100_fpint_noDcache_L2cache_569775c93b/bin,305691383bad7ab314db307aab78a49a7fe03861e41a4b4f5992a28a46e0953c,0,1,explicit,timeout,124,run,timeout,/home/jaeyongjang/project.local/vortex/analysis_workspace/latency_on_hw/outputs_main/naive_gemm_tcol32/runs/20260629T140256813896Z/raw/d8859bf8b0.csv,,,1,0,,,,,,,/home/jaeyongjang/project.local/vortex/analysis_workspace/latency_on_hw/outputs_main/naive_gemm_tcol32/runs/20260629T140256813896Z/logs/d8859bf8b0.log,602.496,,,,,,,,,,,,,,missing_fpga_cycle
20260629T140256813896Z,2026-06-29T16:37:20+00:00,naive_gemm_tcol32,0b7944f3ac26,fpint_improve,1,prefill_merged_naive_gemm_tcol32,llama3_8b_prefill_C2_batch8_prefill_seq_len32768_qblk32_prefill_gate_proj,3dba85c483,fpint_gemm_ffn_hw_naive,gemm,gate_proj,fpint_gemm_naive,attn_sgemm_tcu_fpint_gemm_naive_spinquant,prefill,gate_proj,-m 262144 -n 14336 -k 4096 -q 32 -t 0 -d 0,"{""K"": 4096, ""M"": 262144, ""N"": 14336, ""QBLK"": 32, ""QDIR"": 0, ""WTRANS"": 0}",32.0,/opt/vortex_fpga_bins/fpint/xrt_hw_u55c_c1_f100_fpint_noDcache_L2cache_569775c93b/bin,305691383bad7ab314db307aab78a49a7fe03861e41a4b4f5992a28a46e0953c,0,1,explicit,timeout,124,run,timeout,/home/jaeyongjang/project.local/vortex/analysis_workspace/latency_on_hw/outputs_main/naive_gemm_tcol32/runs/20260629T140256813896Z/raw/3dba85c483.csv,,,1,0,,,,,,,/home/jaeyongjang/project.local/vortex/analysis_workspace/latency_on_hw/outputs_main/naive_gemm_tcol32/runs/20260629T140256813896Z/logs/3dba85c483.log,603.045,,,,,,,,,,,,,,missing_fpga_cycle
20260629T140256813896Z,2026-06-29T16:47:24+00:00,naive_gemm_tcol32,0b7944f3ac26,fpint_improve,1,prefill_merged_naive_gemm_tcol32,llama3_8b_prefill_C2_batch8_prefill_seq_len32768_qblk32_prefill_down_proj,67c2da878c,fpint_gemm_ffn_hw_naive,gemm,down_proj,fpint_gemm_naive,attn_sgemm_tcu_fpint_gemm_naive_spinquant,prefill,down_proj,-m 262144 -n 4096 -k 14336 -q 32 -t 0 -d 0,"{""K"": 14336, ""M"": 262144, ""N"": 4096, ""QBLK"": 32, ""QDIR"": 0, ""WTRANS"": 0}",32.0,/opt/vortex_fpga_bins/fpint/xrt_hw_u55c_c1_f100_fpint_noDcache_L2cache_569775c93b/bin,305691383bad7ab314db307aab78a49a7fe03861e41a4b4f5992a28a46e0953c,0,1,explicit,timeout,124,run,timeout,/home/jaeyongjang/project.local/vortex/analysis_workspace/latency_on_hw/outputs_main/naive_gemm_tcol32/runs/20260629T140256813896Z/raw/67c2da878c.csv,,,1,0,,,,,,,/home/jaeyongjang/project.local/vortex/analysis_workspace/latency_on_hw/outputs_main/naive_gemm_tcol32/runs/20260629T140256813896Z/logs/67c2da878c.log,603.064,,,,,,,,,,,,,,missing_fpga_cycle
20260629T140256813896Z,2026-06-29T16:47:32+00:00,naive_gemm_tcol32,0b7944f3ac26,fpint_improve,1,prefill_merged_naive_gemm_tcol32,llama3_8b_prefill_C3_batch1_prefill_seq_len512_qblk32_prefill_attn_qkT,664f504433,fpint_gemm_ffn_hw_naive,gemm,attn_qkT,fpint_gemm_naive,all_fpint_gemm_naive_spinquant,prefill,attn_qkT,-m 512 -n 512 -k 128 -q 128 -t 1 -d 0,"{""K"": 128, ""M"": 512, ""N"": 512, ""QBLK"": 128, ""QDIR"": 0, ""WTRANS"": 1, ""per_head"": true}",1024.0,/opt/vortex_fpga_bins/fpint/xrt_hw_u55c_c1_f100_fpint_noDcache_L2cache_569775c93b/bin,305691383bad7ab314db307aab78a49a7fe03861e41a4b4f5992a28a46e0953c,0,1,explicit,pass,0,,,/home/jaeyongjang/project.local/vortex/analysis_workspace/latency_on_hw/outputs_main/naive_gemm_tcol32/runs/20260629T140256813896Z/raw/664f504433.csv,,,1,0,,,,,,,/home/jaeyongjang/project.local/vortex/analysis_workspace/latency_on_hw/outputs_main/naive_gemm_tcol32/runs/20260629T140256813896Z/logs/664f504433.log,8.444,1,8024.666,8024.666,8024.666,8024.666,8024.666,1,704762,704762,704762,704762,704762,704762,
20260629T140256813896Z,2026-06-29T16:47:41+00:00,naive_gemm_tcol32,0b7944f3ac26,fpint_improve,1,prefill_merged_naive_gemm_tcol32,llama3_8b_prefill_C3_batch1_prefill_seq_len512_qblk32_prefill_attn_pv,709a9632ef,fpint_gemm_ffn_hw_naive,gemm,attn_pv,fpint_gemm_naive,all_fpint_gemm_naive_spinquant,prefill,attn_pv,-m 512 -n 128 -k 512 -q 128 -t 0 -d 1,"{""K"": 512, ""M"": 512, ""N"": 128, ""QBLK"": 128, ""QDIR"": 1, ""WTRANS"": 0, ""per_head"": true}",1024.0,/opt/vortex_fpga_bins/fpint/xrt_hw_u55c_c1_f100_fpint_noDcache_L2cache_569775c93b/bin,305691383bad7ab314db307aab78a49a7fe03861e41a4b4f5992a28a46e0953c,0,1,explicit,pass,0,,,/home/jaeyongjang/project.local/vortex/analysis_workspace/latency_on_hw/outputs_main/naive_gemm_tcol32/runs/20260629T140256813896Z/raw/709a9632ef.csv,,,1,0,,,,,,,/home/jaeyongjang/project.local/vortex/analysis_workspace/latency_on_hw/outputs_main/naive_gemm_tcol32/runs/20260629T140256813896Z/logs/709a9632ef.log,8.610,1,6933.915,6933.915,6933.915,6933.915,6933.915,1,625333,625333,625333,625333,625333,625333,
20260629T140256813896Z,2026-06-29T16:47:50+00:00,naive_gemm_tcol32,0b7944f3ac26,fpint_improve,1,prefill_merged_naive_gemm_tcol32,llama3_8b_prefill_C3_batch1_prefill_seq_len1024_qblk32_prefill_attn_qkT,18343201e9,fpint_gemm_ffn_hw_naive,gemm,attn_qkT,fpint_gemm_naive,all_fpint_gemm_naive_spinquant,prefill,attn_qkT,-m 1024 -n 1024 -k 128 -q 128 -t 1 -d 0,"{""K"": 128, ""M"": 1024, ""N"": 1024, ""QBLK"": 128, ""QDIR"": 0, ""WTRANS"": 1, ""per_head"": true}",1024.0,/opt/vortex_fpga_bins/fpint/xrt_hw_u55c_c1_f100_fpint_noDcache_L2cache_569775c93b/bin,305691383bad7ab314db307aab78a49a7fe03861e41a4b4f5992a28a46e0953c,0,1,explicit,pass,0,,,/home/jaeyongjang/project.local/vortex/analysis_workspace/latency_on_hw/outputs_main/naive_gemm_tcol32/runs/20260629T140256813896Z/raw/18343201e9.csv,,,1,0,,,,,,,/home/jaeyongjang/project.local/vortex/analysis_workspace/latency_on_hw/outputs_main/naive_gemm_tcol32/runs/20260629T140256813896Z/logs/18343201e9.log,9.123,1,28130.557,28130.557,28130.557,28130.557,28130.557,1,2701248,2701248,2701248,2701248,2701248,2701248,
20260629T140256813896Z,2026-06-29T16:47:59+00:00,naive_gemm_tcol32,0b7944f3ac26,fpint_improve,1,prefill_merged_naive_gemm_tcol32,llama3_8b_prefill_C3_batch1_prefill_seq_len1024_qblk32_prefill_attn_pv,cef119518d,fpint_gemm_ffn_hw_naive,gemm,attn_pv,fpint_gemm_naive,all_fpint_gemm_naive_spinquant,prefill,attn_pv,-m 1024 -n 128 -k 1024 -q 128 -t 0 -d 1,"{""K"": 1024, ""M"": 1024, ""N"": 128, ""QBLK"": 128, ""QDIR"": 1, ""WTRANS"": 0, ""per_head"": true}",1024.0,/opt/vortex_fpga_bins/fpint/xrt_hw_u55c_c1_f100_fpint_noDcache_L2cache_569775c93b/bin,305691383bad7ab314db307aab78a49a7fe03861e41a4b4f5992a28a46e0953c,0,1,explicit,pass,0,,,/home/jaeyongjang/project.local/vortex/analysis_workspace/latency_on_hw/outputs_main/naive_gemm_tcol32/runs/20260629T140256813896Z/raw/cef119518d.csv,,,1,0,,,,,,,/home/jaeyongjang/project.local/vortex/analysis_workspace/latency_on_hw/outputs_main/naive_gemm_tcol32/runs/20260629T140256813896Z/logs/cef119518d.log,8.833,1,23850.059,23850.059,23850.059,23850.059,23850.059,1,2272342,2272342,2272342,2272342,2272342,2272342,
20260629T140256813896Z,2026-06-29T16:48:09+00:00,naive_gemm_tcol32,0b7944f3ac26,fpint_improve,1,prefill_merged_naive_gemm_tcol32,llama3_8b_prefill_C3_batch1_prefill_seq_len2048_qblk32_prefill_attn_qkT,44f01336f8,fpint_gemm_ffn_hw_naive,gemm,attn_qkT,fpint_gemm_naive,all_fpint_gemm_naive_spinquant,prefill,attn_qkT,-m 2048 -n 2048 -k 128 -q 128 -t 1 -d 0,"{""K"": 128, ""M"": 2048, ""N"": 2048, ""QBLK"": 128, ""QDIR"": 0, ""WTRANS"": 1, ""per_head"": true}",1024.0,/opt/vortex_fpga_bins/fpint/xrt_hw_u55c_c1_f100_fpint_noDcache_L2cache_569775c93b/bin,305691383bad7ab314db307aab78a49a7fe03861e41a4b4f5992a28a46e0953c,0,1,explicit,pass,0,,,/home/jaeyongjang/project.local/vortex/analysis_workspace/latency_on_hw/outputs_main/naive_gemm_tcol32/runs/20260629T140256813896Z/raw/44f01336f8.csv,,,1,0,,,,,,,/home/jaeyongjang/project.local/vortex/analysis_workspace/latency_on_hw/outputs_main/naive_gemm_tcol32/runs/20260629T140256813896Z/logs/44f01336f8.log,10.036,1,108004.683,108004.683,108004.683,108004.683,108004.683,1,10687611,10687611,10687611,10687611,10687611,10687611,
20260629T140256813896Z,2026-06-29T16:48:19+00:00,naive_gemm_tcol32,0b7944f3ac26,fpint_improve,1,prefill_merged_naive_gemm_tcol32,llama3_8b_prefill_C3_batch1_prefill_seq_len2048_qblk32_prefill_attn_pv,4892f977d5,fpint_gemm_ffn_hw_naive,gemm,attn_pv,fpint_gemm_naive,all_fpint_gemm_naive_spinquant,prefill,attn_pv,-m 2048 -n 128 -k 2048 -q 128 -t 0 -d 1,"{""K"": 2048, ""M"": 2048, ""N"": 128, ""QBLK"": 128, ""QDIR"": 1, ""WTRANS"": 0, ""per_head"": true}",1024.0,/opt/vortex_fpga_bins/fpint/xrt_hw_u55c_c1_f100_fpint_noDcache_L2cache_569775c93b/bin,305691383bad7ab314db307aab78a49a7fe03861e41a4b4f5992a28a46e0953c,0,1,explicit,pass,0,,,/home/jaeyongjang/project.local/vortex/analysis_workspace/latency_on_hw/outputs_main/naive_gemm_tcol32/runs/20260629T140256813896Z/raw/4892f977d5.csv,,,1,0,,,,,,,/home/jaeyongjang/project.local/vortex/analysis_workspace/latency_on_hw/outputs_main/naive_gemm_tcol32/runs/20260629T140256813896Z/logs/4892f977d5.log,9.579,1,90886.371,90886.371,90886.371,90886.371,90886.371,1,9005668,9005668,9005668,9005668,9005668,9005668,
20260629T140256813896Z,2026-06-29T16:48:34+00:00,naive_gemm_tcol32,0b7944f3ac26,fpint_improve,1,prefill_merged_naive_gemm_tcol32,llama3_8b_prefill_C3_batch1_prefill_seq_len4096_qblk32_prefill_attn_qkT,5676ec7bd5,fpint_gemm_ffn_hw_naive,gemm,attn_qkT,fpint_gemm_naive,all_fpint_gemm_naive_spinquant,prefill,attn_qkT,-m 4096 -n 4096 -k 128 -q 128 -t 1 -d 0,"{""K"": 128, ""M"": 4096, ""N"": 4096, ""QBLK"": 128, ""QDIR"": 0, ""WTRANS"": 1, ""per_head"": true}",1024.0,/opt/vortex_fpga_bins/fpint/xrt_hw_u55c_c1_f100_fpint_noDcache_L2cache_569775c93b/bin,305691383bad7ab314db307aab78a49a7fe03861e41a4b4f5992a28a46e0953c,0,1,explicit,pass,0,,,/home/jaeyongjang/project.local/vortex/analysis_workspace/latency_on_hw/outputs_main/naive_gemm_tcol32/runs/20260629T140256813896Z/raw/5676ec7bd5.csv,,,1,0,,,,,,,/home/jaeyongjang/project.local/vortex/analysis_workspace/latency_on_hw/outputs_main/naive_gemm_tcol32/runs/20260629T140256813896Z/logs/5676ec7bd5.log,15.168,1,427832.838,427832.838,427832.838,427832.838,427832.838,1,42629168,42629168,42629168,42629168,42629168,42629168,
20260629T140256813896Z,2026-06-29T16:48:48+00:00,naive_gemm_tcol32,0b7944f3ac26,fpint_improve,1,prefill_merged_naive_gemm_tcol32,llama3_8b_prefill_C3_batch1_prefill_seq_len4096_qblk32_prefill_attn_pv,1c18f91764,fpint_gemm_ffn_hw_naive,gemm,attn_pv,fpint_gemm_naive,all_fpint_gemm_naive_spinquant,prefill,attn_pv,-m 4096 -n 128 -k 4096 -q 128 -t 0 -d 1,"{""K"": 4096, ""M"": 4096, ""N"": 128, ""QBLK"": 128, ""QDIR"": 1, ""WTRANS"": 0, ""per_head"": true}",1024.0,/opt/vortex_fpga_bins/fpint/xrt_hw_u55c_c1_f100_fpint_noDcache_L2cache_569775c93b/bin,305691383bad7ab314db307aab78a49a7fe03861e41a4b4f5992a28a46e0953c,0,1,explicit,pass,0,,,/home/jaeyongjang/project.local/vortex/analysis_workspace/latency_on_hw/outputs_main/naive_gemm_tcol32/runs/20260629T140256813896Z/raw/1c18f91764.csv,,,1,0,,,,,,,/home/jaeyongjang/project.local/vortex/analysis_workspace/latency_on_hw/outputs_main/naive_gemm_tcol32/runs/20260629T140256813896Z/logs/1c18f91764.log,14.155,1,374357.313,374357.313,374357.313,374357.313,374357.313,1,37269791,37269791,37269791,37269791,37269791,37269791,
20260629T140256813896Z,2026-06-29T16:49:21+00:00,naive_gemm_tcol32,0b7944f3ac26,fpint_improve,1,prefill_merged_naive_gemm_tcol32,llama3_8b_prefill_C3_batch1_prefill_seq_len8192_qblk32_prefill_attn_qkT,e8e9440dcd,fpint_gemm_ffn_hw_naive,gemm,attn_qkT,fpint_gemm_naive,all_fpint_gemm_naive_spinquant,prefill,attn_qkT,-m 8192 -n 8192 -k 128 -q 128 -t 1 -d 0,"{""K"": 128, ""M"": 8192, ""N"": 8192, ""QBLK"": 128, ""QDIR"": 0, ""WTRANS"": 1, ""per_head"": true}",1024.0,/opt/vortex_fpga_bins/fpint/xrt_hw_u55c_c1_f100_fpint_noDcache_L2cache_569775c93b/bin,305691383bad7ab314db307aab78a49a7fe03861e41a4b4f5992a28a46e0953c,0,1,explicit,pass,0,,,/home/jaeyongjang/project.local/vortex/analysis_workspace/latency_on_hw/outputs_main/naive_gemm_tcol32/runs/20260629T140256813896Z/raw/e8e9440dcd.csv,,,1,0,,,,,,,/home/jaeyongjang/project.local/vortex/analysis_workspace/latency_on_hw/outputs_main/naive_gemm_tcol32/runs/20260629T140256813896Z/logs/e8e9440dcd.log,32.383,1,1705074.279,1705074.279,1705074.279,1705074.279,1705074.279,1,170341217,170341217,170341217,170341217,170341217,170341217,
20260629T140256813896Z,2026-06-29T16:49:54+00:00,naive_gemm_tcol32,0b7944f3ac26,fpint_improve,1,prefill_merged_naive_gemm_tcol32,llama3_8b_prefill_C3_batch1_prefill_seq_len8192_qblk32_prefill_attn_pv,fcea1bba2e,fpint_gemm_ffn_hw_naive,gemm,attn_pv,fpint_gemm_naive,all_fpint_gemm_naive_spinquant,prefill,attn_pv,-m 8192 -n 128 -k 8192 -q 128 -t 0 -d 1,"{""K"": 8192, ""M"": 8192, ""N"": 128, ""QBLK"": 128, ""QDIR"": 1, ""WTRANS"": 0, ""per_head"": true}",1024.0,/opt/vortex_fpga_bins/fpint/xrt_hw_u55c_c1_f100_fpint_noDcache_L2cache_569775c93b/bin,305691383bad7ab314db307aab78a49a7fe03861e41a4b4f5992a28a46e0953c,0,1,explicit,pass,0,,,/home/jaeyongjang/project.local/vortex/analysis_workspace/latency_on_hw/outputs_main/naive_gemm_tcol32/runs/20260629T140256813896Z/raw/fcea1bba2e.csv,,,1,0,,,,,,,/home/jaeyongjang/project.local/vortex/analysis_workspace/latency_on_hw/outputs_main/naive_gemm_tcol32/runs/20260629T140256813896Z/logs/fcea1bba2e.log,33.257,1,1487897.193,1487897.193,1487897.193,1487897.193,1487897.193,1,148654762,148654762,148654762,148654762,148654762,148654762,
20260629T140256813896Z,2026-06-29T16:52:24+00:00,naive_gemm_tcol32,0b7944f3ac26,fpint_improve,1,prefill_merged_naive_gemm_tcol32,llama3_8b_prefill_C3_batch1_prefill_seq_len16384_qblk32_prefill_attn_qkT,93dc60f8c0,fpint_gemm_ffn_hw_naive,gemm,attn_qkT,fpint_gemm_naive,all_fpint_gemm_naive_spinquant,prefill,attn_qkT,-m 16384 -n 16384 -k 128 -q 128 -t 1 -d 0,"{""K"": 128, ""M"": 16384, ""N"": 16384, ""QBLK"": 128, ""QDIR"": 0, ""WTRANS"": 1, ""per_head"": true}",1024.0,/opt/vortex_fpga_bins/fpint/xrt_hw_u55c_c1_f100_fpint_noDcache_L2cache_569775c93b/bin,305691383bad7ab314db307aab78a49a7fe03861e41a4b4f5992a28a46e0953c,0,1,explicit,pass,0,,,/home/jaeyongjang/project.local/vortex/analysis_workspace/latency_on_hw/outputs_main/naive_gemm_tcol32/runs/20260629T140256813896Z/raw/93dc60f8c0.csv,,,1,0,,,,,,,/home/jaeyongjang/project.local/vortex/analysis_workspace/latency_on_hw/outputs_main/naive_gemm_tcol32/runs/20260629T140256813896Z/logs/93dc60f8c0.log,149.159,1,6813615.752,6813615.752,6813615.752,6813615.752,6813615.752,1,681243708,681243708,681243708,681243708,681243708,681243708,
20260629T140256813896Z,2026-06-29T16:54:50+00:00,naive_gemm_tcol32,0b7944f3ac26,fpint_improve,1,prefill_merged_naive_gemm_tcol32,llama3_8b_prefill_C3_batch1_prefill_seq_len16384_qblk32_prefill_attn_pv,7f1f4c5d7a,fpint_gemm_ffn_hw_naive,gemm,attn_pv,fpint_gemm_naive,all_fpint_gemm_naive_spinquant,prefill,attn_pv,-m 16384 -n 128 -k 16384 -q 128 -t 0 -d 1,"{""K"": 16384, ""M"": 16384, ""N"": 128, ""QBLK"": 128, ""QDIR"": 1, ""WTRANS"": 0, ""per_head"": true}",1024.0,/opt/vortex_fpga_bins/fpint/xrt_hw_u55c_c1_f100_fpint_noDcache_L2cache_569775c93b/bin,305691383bad7ab314db307aab78a49a7fe03861e41a4b4f5992a28a46e0953c,0,1,explicit,pass,0,,,/home/jaeyongjang/project.local/vortex/analysis_workspace/latency_on_hw/outputs_main/naive_gemm_tcol32/runs/20260629T140256813896Z/raw/7f1f4c5d7a.csv,,,1,0,,,,,,,/home/jaeyongjang/project.local/vortex/analysis_workspace/latency_on_hw/outputs_main/naive_gemm_tcol32/runs/20260629T140256813896Z/logs/7f1f4c5d7a.log,145.860,1,5952806.717,5952806.717,5952806.717,5952806.717,5952806.717,1,595098557,595098557,595098557,595098557,595098557,595098557,
20260629T140256813896Z,2026-06-29T17:04:52+00:00,naive_gemm_tcol32,0b7944f3ac26,fpint_improve,1,prefill_merged_naive_gemm_tcol32,llama3_8b_prefill_C3_batch1_prefill_seq_len32768_qblk32_prefill_attn_qkT,9589a31c91,fpint_gemm_ffn_hw_naive,gemm,attn_qkT,fpint_gemm_naive,all_fpint_gemm_naive_spinquant,prefill,attn_qkT,-m 32768 -n 32768 -k 128 -q 128 -t 1 -d 0,"{""K"": 128, ""M"": 32768, ""N"": 32768, ""QBLK"": 128, ""QDIR"": 0, ""WTRANS"": 1, ""per_head"": true}",1024.0,/opt/vortex_fpga_bins/fpint/xrt_hw_u55c_c1_f100_fpint_noDcache_L2cache_569775c93b/bin,305691383bad7ab314db307aab78a49a7fe03861e41a4b4f5992a28a46e0953c,0,1,explicit,timeout,124,run,timeout,/home/jaeyongjang/project.local/vortex/analysis_workspace/latency_on_hw/outputs_main/naive_gemm_tcol32/runs/20260629T140256813896Z/raw/9589a31c91.csv,,,1,0,,,,,,,/home/jaeyongjang/project.local/vortex/analysis_workspace/latency_on_hw/outputs_main/naive_gemm_tcol32/runs/20260629T140256813896Z/logs/9589a31c91.log,602.351,,,,,,,,,,,,,,missing_fpga_cycle
20260629T140256813896Z,2026-06-29T17:11:36+00:00,naive_gemm_tcol32,0b7944f3ac26,fpint_improve,1,prefill_merged_naive_gemm_tcol32,llama3_8b_prefill_C3_batch1_prefill_seq_len32768_qblk32_prefill_attn_pv,08c1e4988c,fpint_gemm_ffn_hw_naive,gemm,attn_pv,fpint_gemm_naive,all_fpint_gemm_naive_spinquant,prefill,attn_pv,-m 32768 -n 128 -k 32768 -q 128 -t 0 -d 1,"{""K"": 32768, ""M"": 32768, ""N"": 128, ""QBLK"": 128, ""QDIR"": 1, ""WTRANS"": 0, ""per_head"": true}",1024.0,/opt/vortex_fpga_bins/fpint/xrt_hw_u55c_c1_f100_fpint_noDcache_L2cache_569775c93b/bin,305691383bad7ab314db307aab78a49a7fe03861e41a4b4f5992a28a46e0953c,0,1,explicit,pass,0,,,/home/jaeyongjang/project.local/vortex/analysis_workspace/latency_on_hw/outputs_main/naive_gemm_tcol32/runs/20260629T140256813896Z/raw/08c1e4988c.csv,,,1,0,,,,,,,/home/jaeyongjang/project.local/vortex/analysis_workspace/latency_on_hw/outputs_main/naive_gemm_tcol32/runs/20260629T140256813896Z/logs/08c1e4988c.log,403.876,1,24354556.188,24354556.188,24354556.188,24354556.188,24354556.188,1,2435346222,2435346222,2435346222,2435346222,2435346222,2435346222,
20260629T171713598521Z,2026-06-29T17:17:39+00:00,naive_gemm_tcol32,0b7944f3ac26,fpint_improve,1,generation_merged_naive_gemm_tcol32,llama3_8b_generation_C2_batch1_gen_kv_len512_qblk32_generation_q_proj,3bdb89f75e,fpint_gemm_ffn_hw_naive,gemm,q_proj,fpint_gemm_naive,attn_sgemm_tcu_fpint_gemm_naive_spinquant,generation,q_proj,-m 1 -n 4096 -k 4096 -q 32 -t 0 -d 0,"{""K"": 4096, ""M"": 1, ""N"": 4096, ""QBLK"": 32, ""QDIR"": 0, ""WTRANS"": 0}",32.0,/opt/vortex_fpga_bins/fpint/xrt_hw_u55c_c1_f100_fpint_noDcache_L2cache_569775c93b/bin,305691383bad7ab314db307aab78a49a7fe03861e41a4b4f5992a28a46e0953c,0,1,explicit,pass,0,,,/home/jaeyongjang/project.local/vortex/analysis_workspace/latency_on_hw/outputs_main/naive_gemm_tcol32/runs/20260629T171713598521Z/raw/3bdb89f75e.csv,,,1,0,,,,,,,/home/jaeyongjang/project.local/vortex/analysis_workspace/latency_on_hw/outputs_main/naive_gemm_tcol32/runs/20260629T171713598521Z/logs/3bdb89f75e.log,10.934,1,92931.119,92931.119,92931.119,92931.119,92931.119,1,9218006,9218006,9218006,9218006,9218006,9218006,
20260629T171713598521Z,2026-06-29T17:17:48+00:00,naive_gemm_tcol32,0b7944f3ac26,fpint_improve,1,generation_merged_naive_gemm_tcol32,llama3_8b_generation_C2_batch1_gen_kv_len512_qblk32_generation_k_proj,d2646e0034,fpint_gemm_ffn_hw_naive,gemm,k_proj,fpint_gemm_naive,attn_sgemm_tcu_fpint_gemm_naive_spinquant,generation,k_proj,-m 1 -n 1024 -k 4096 -q 32 -t 0 -d 0,"{""K"": 4096, ""M"": 1, ""N"": 1024, ""QBLK"": 32, ""QDIR"": 0, ""WTRANS"": 0}",32.0,/opt/vortex_fpga_bins/fpint/xrt_hw_u55c_c1_f100_fpint_noDcache_L2cache_569775c93b/bin,305691383bad7ab314db307aab78a49a7fe03861e41a4b4f5992a28a46e0953c,0,1,explicit,pass,0,,,/home/jaeyongjang/project.local/vortex/analysis_workspace/latency_on_hw/outputs_main/naive_gemm_tcol32/runs/20260629T171713598521Z/raw/d2646e0034.csv,,,1,0,,,,,,,/home/jaeyongjang/project.local/vortex/analysis_workspace/latency_on_hw/outputs_main/naive_gemm_tcol32/runs/20260629T171713598521Z/logs/d2646e0034.log,9.250,1,23853.238,23853.238,23853.238,23853.238,23853.238,1,2318403,2318403,2318403,2318403,2318403,2318403,
20260629T171713598521Z,2026-06-29T17:18:05+00:00,naive_gemm_tcol32,0b7944f3ac26,fpint_improve,1,generation_merged_naive_gemm_tcol32,llama3_8b_generation_C2_batch1_gen_kv_len512_qblk32_generation_gate_proj,22b26d5b3f,fpint_gemm_ffn_hw_naive,gemm,gate_proj,fpint_gemm_naive,attn_sgemm_tcu_fpint_gemm_naive_spinquant,generation,gate_proj,-m 1 -n 14336 -k 4096 -q 32 -t 0 -d 0,"{""K"": 4096, ""M"": 1, ""N"": 14336, ""QBLK"": 32, ""QDIR"": 0, ""WTRANS"": 0}",32.0,/opt/vortex_fpga_bins/fpint/xrt_hw_u55c_c1_f100_fpint_noDcache_L2cache_569775c93b/bin,305691383bad7ab314db307aab78a49a7fe03861e41a4b4f5992a28a46e0953c,0,1,explicit,pass,0,,,/home/jaeyongjang/project.local/vortex/analysis_workspace/latency_on_hw/outputs_main/naive_gemm_tcol32/runs/20260629T171713598521Z/raw/22b26d5b3f.csv,,,1,0,,,,,,,/home/jaeyongjang/project.local/vortex/analysis_workspace/latency_on_hw/outputs_main/naive_gemm_tcol32/runs/20260629T171713598521Z/logs/22b26d5b3f.log,16.366,1,323587.237,323587.237,323587.237,323587.237,323587.237,1,32197689,32197689,32197689,32197689,32197689,32197689,
20260629T171713598521Z,2026-06-29T17:18:21+00:00,naive_gemm_tcol32,0b7944f3ac26,fpint_improve,1,generation_merged_naive_gemm_tcol32,llama3_8b_generation_C2_batch1_gen_kv_len512_qblk32_generation_down_proj,d2b18ff533,fpint_gemm_ffn_hw_naive,gemm,down_proj,fpint_gemm_naive,attn_sgemm_tcu_fpint_gemm_naive_spinquant,generation,down_proj,-m 1 -n 4096 -k 14336 -q 32 -t 0 -d 0,"{""K"": 14336, ""M"": 1, ""N"": 4096, ""QBLK"": 32, ""QDIR"": 0, ""WTRANS"": 0}",32.0,/opt/vortex_fpga_bins/fpint/xrt_hw_u55c_c1_f100_fpint_noDcache_L2cache_569775c93b/bin,305691383bad7ab314db307aab78a49a7fe03861e41a4b4f5992a28a46e0953c,0,1,explicit,pass,0,,,/home/jaeyongjang/project.local/vortex/analysis_workspace/latency_on_hw/outputs_main/naive_gemm_tcol32/runs/20260629T171713598521Z/raw/d2b18ff533.csv,,,1,0,,,,,,,/home/jaeyongjang/project.local/vortex/analysis_workspace/latency_on_hw/outputs_main/naive_gemm_tcol32/runs/20260629T171713598521Z/logs/d2b18ff533.log,15.854,1,323168.534,323168.534,323168.534,323168.534,323168.534,1,32202275,32202275,32202275,32202275,32202275,32202275,
20260629T171713598521Z,2026-06-29T17:18:32+00:00,naive_gemm_tcol32,0b7944f3ac26,fpint_improve,1,generation_merged_naive_gemm_tcol32,llama3_8b_generation_C2_batch2_gen_kv_len512_qblk32_generation_q_proj,82542dbd9f,fpint_gemm_ffn_hw_naive,gemm,q_proj,fpint_gemm_naive,attn_sgemm_tcu_fpint_gemm_naive_spinquant,generation,q_proj,-m 2 -n 4096 -k 4096 -q 32 -t 0 -d 0,"{""K"": 4096, ""M"": 2, ""N"": 4096, ""QBLK"": 32, ""QDIR"": 0, ""WTRANS"": 0}",32.0,/opt/vortex_fpga_bins/fpint/xrt_hw_u55c_c1_f100_fpint_noDcache_L2cache_569775c93b/bin,305691383bad7ab314db307aab78a49a7fe03861e41a4b4f5992a28a46e0953c,0,1,explicit,pass,0,,,/home/jaeyongjang/project.local/vortex/analysis_workspace/latency_on_hw/outputs_main/naive_gemm_tcol32/runs/20260629T171713598521Z/raw/82542dbd9f.csv,,,1,0,,,,,,,/home/jaeyongjang/project.local/vortex/analysis_workspace/latency_on_hw/outputs_main/naive_gemm_tcol32/runs/20260629T171713598521Z/logs/82542dbd9f.log,11.033,1,94073.822,94073.822,94073.822,94073.822,94073.822,1,9236747,9236747,9236747,9236747,9236747,9236747,
20260629T171713598521Z,2026-06-29T17:18:41+00:00,naive_gemm_tcol32,0b7944f3ac26,fpint_improve,1,generation_merged_naive_gemm_tcol32,llama3_8b_generation_C2_batch2_gen_kv_len512_qblk32_generation_k_proj,4b20054946,fpint_gemm_ffn_hw_naive,gemm,k_proj,fpint_gemm_naive,attn_sgemm_tcu_fpint_gemm_naive_spinquant,generation,k_proj,-m 2 -n 1024 -k 4096 -q 32 -t 0 -d 0,"{""K"": 4096, ""M"": 2, ""N"": 1024, ""QBLK"": 32, ""QDIR"": 0, ""WTRANS"": 0}",32.0,/opt/vortex_fpga_bins/fpint/xrt_hw_u55c_c1_f100_fpint_noDcache_L2cache_569775c93b/bin,305691383bad7ab314db307aab78a49a7fe03861e41a4b4f5992a28a46e0953c,0,1,explicit,pass,0,,,/home/jaeyongjang/project.local/vortex/analysis_workspace/latency_on_hw/outputs_main/naive_gemm_tcol32/runs/20260629T171713598521Z/raw/4b20054946.csv,,,1,0,,,,,,,/home/jaeyongjang/project.local/vortex/analysis_workspace/latency_on_hw/outputs_main/naive_gemm_tcol32/runs/20260629T171713598521Z/logs/4b20054946.log,9.230,1,25004.796,25004.796,25004.796,25004.796,25004.796,1,2323545,2323545,2323545,2323545,2323545,2323545,
20260629T171713598521Z,2026-06-29T17:18:56+00:00,naive_gemm_tcol32,0b7944f3ac26,fpint_improve,1,generation_merged_naive_gemm_tcol32,llama3_8b_generation_C2_batch2_gen_kv_len512_qblk32_generation_gate_proj,3ef77b460a,fpint_gemm_ffn_hw_naive,gemm,gate_proj,fpint_gemm_naive,attn_sgemm_tcu_fpint_gemm_naive_spinquant,generation,gate_proj,-m 2 -n 14336 -k 4096 -q 32 -t 0 -d 0,"{""K"": 4096, ""M"": 2, ""N"": 14336, ""QBLK"": 32, ""QDIR"": 0, ""WTRANS"": 0}",32.0,/opt/vortex_fpga_bins/fpint/xrt_hw_u55c_c1_f100_fpint_noDcache_L2cache_569775c93b/bin,305691383bad7ab314db307aab78a49a7fe03861e41a4b4f5992a28a46e0953c,0,1,explicit,pass,0,,,/home/jaeyongjang/project.local/vortex/analysis_workspace/latency_on_hw/outputs_main/naive_gemm_tcol32/runs/20260629T171713598521Z/raw/3ef77b460a.csv,,,1,0,,,,,,,/home/jaeyongjang/project.local/vortex/analysis_workspace/latency_on_hw/outputs_main/naive_gemm_tcol32/runs/20260629T171713598521Z/logs/3ef77b460a.log,15.214,1,323443.376,323443.376,323443.376,323443.376,323443.376,1,32263294,32263294,32263294,32263294,32263294,32263294,
20260629T171713598521Z,2026-06-29T17:19:13+00:00,naive_gemm_tcol32,0b7944f3ac26,fpint_improve,1,generation_merged_naive_gemm_tcol32,llama3_8b_generation_C2_batch2_gen_kv_len512_qblk32_generation_down_proj,d540b9bd56,fpint_gemm_ffn_hw_naive,gemm,down_proj,fpint_gemm_naive,attn_sgemm_tcu_fpint_gemm_naive_spinquant,generation,down_proj,-m 2 -n 4096 -k 14336 -q 32 -t 0 -d 0,"{""K"": 14336, ""M"": 2, ""N"": 4096, ""QBLK"": 32, ""QDIR"": 0, ""WTRANS"": 0}",32.0,/opt/vortex_fpga_bins/fpint/xrt_hw_u55c_c1_f100_fpint_noDcache_L2cache_569775c93b/bin,305691383bad7ab314db307aab78a49a7fe03861e41a4b4f5992a28a46e0953c,0,1,explicit,pass,0,,,/home/jaeyongjang/project.local/vortex/analysis_workspace/latency_on_hw/outputs_main/naive_gemm_tcol32/runs/20260629T171713598521Z/raw/d540b9bd56.csv,,,1,0,,,,,,,/home/jaeyongjang/project.local/vortex/analysis_workspace/latency_on_hw/outputs_main/naive_gemm_tcol32/runs/20260629T171713598521Z/logs/d540b9bd56.log,16.292,1,323652.772,323652.772,323652.772,323652.772,323652.772,1,32261830,32261830,32261830,32261830,32261830,32261830,
20260629T171713598521Z,2026-06-29T17:19:24+00:00,naive_gemm_tcol32,0b7944f3ac26,fpint_improve,1,generation_merged_naive_gemm_tcol32,llama3_8b_generation_C2_batch4_gen_kv_len512_qblk32_generation_q_proj,3fd168a50a,fpint_gemm_ffn_hw_naive,gemm,q_proj,fpint_gemm_naive,attn_sgemm_tcu_fpint_gemm_naive_spinquant,generation,q_proj,-m 4 -n 4096 -k 4096 -q 32 -t 0 -d 0,"{""K"": 4096, ""M"": 4, ""N"": 4096, ""QBLK"": 32, ""QDIR"": 0, ""WTRANS"": 0}",32.0,/opt/vortex_fpga_bins/fpint/xrt_hw_u55c_c1_f100_fpint_noDcache_L2cache_569775c93b/bin,305691383bad7ab314db307aab78a49a7fe03861e41a4b4f5992a28a46e0953c,0,1,explicit,pass,0,,,/home/jaeyongjang/project.local/vortex/analysis_workspace/latency_on_hw/outputs_main/naive_gemm_tcol32/runs/20260629T171713598521Z/raw/3fd168a50a.csv,,,1,0,,,,,,,/home/jaeyongjang/project.local/vortex/analysis_workspace/latency_on_hw/outputs_main/naive_gemm_tcol32/runs/20260629T171713598521Z/logs/3fd168a50a.log,10.920,1,93999.093,93999.093,93999.093,93999.093,93999.093,1,9288491,9288491,9288491,9288491,9288491,9288491,
20260629T171713598521Z,2026-06-29T17:19:33+00:00,naive_gemm_tcol32,0b7944f3ac26,fpint_improve,1,generation_merged_naive_gemm_tcol32,llama3_8b_generation_C2_batch4_gen_kv_len512_qblk32_generation_k_proj,e7d265e576,fpint_gemm_ffn_hw_naive,gemm,k_proj,fpint_gemm_naive,attn_sgemm_tcu_fpint_gemm_naive_spinquant,generation,k_proj,-m 4 -n 1024 -k 4096 -q 32 -t 0 -d 0,"{""K"": 4096, ""M"": 4, ""N"": 1024, ""QBLK"": 32, ""QDIR"": 0, ""WTRANS"": 0}",32.0,/opt/vortex_fpga_bins/fpint/xrt_hw_u55c_c1_f100_fpint_noDcache_L2cache_569775c93b/bin,305691383bad7ab314db307aab78a49a7fe03861e41a4b4f5992a28a46e0953c,0,1,explicit,pass,0,,,/home/jaeyongjang/project.local/vortex/analysis_workspace/latency_on_hw/outputs_main/naive_gemm_tcol32/runs/20260629T171713598521Z/raw/e7d265e576.csv,,,1,0,,,,,,,/home/jaeyongjang/project.local/vortex/analysis_workspace/latency_on_hw/outputs_main/naive_gemm_tcol32/runs/20260629T171713598521Z/logs/e7d265e576.log,9.412,1,24978.253,24978.253,24978.253,24978.253,24978.253,1,2336797,2336797,2336797,2336797,2336797,2336797,
20260629T171713598521Z,2026-06-29T17:19:49+00:00,naive_gemm_tcol32,0b7944f3ac26,fpint_improve,1,generation_merged_naive_gemm_tcol32,llama3_8b_generation_C2_batch4_gen_kv_len512_qblk32_generation_gate_proj,4c6303e207,fpint_gemm_ffn_hw_naive,gemm,gate_proj,fpint_gemm_naive,attn_sgemm_tcu_fpint_gemm_naive_spinquant,generation,gate_proj,-m 4 -n 14336 -k 4096 -q 32 -t 0 -d 0,"{""K"": 4096, ""M"": 4, ""N"": 14336, ""QBLK"": 32, ""QDIR"": 0, ""WTRANS"": 0}",32.0,/opt/vortex_fpga_bins/fpint/xrt_hw_u55c_c1_f100_fpint_noDcache_L2cache_569775c93b/bin,305691383bad7ab314db307aab78a49a7fe03861e41a4b4f5992a28a46e0953c,0,1,explicit,pass,0,,,/home/jaeyongjang/project.local/vortex/analysis_workspace/latency_on_hw/outputs_main/naive_gemm_tcol32/runs/20260629T171713598521Z/raw/4c6303e207.csv,,,1,0,,,,,,,/home/jaeyongjang/project.local/vortex/analysis_workspace/latency_on_hw/outputs_main/naive_gemm_tcol32/runs/20260629T171713598521Z/logs/4c6303e207.log,15.148,1,326128.575,326128.575,326128.575,326128.575,326128.575,1,32475882,32475882,32475882,32475882,32475882,32475882,
20260629T171713598521Z,2026-06-29T17:20:05+00:00,naive_gemm_tcol32,0b7944f3ac26,fpint_improve,1,generation_merged_naive_gemm_tcol32,llama3_8b_generation_C2_batch4_gen_kv_len512_qblk32_generation_down_proj,4534f0b04b,fpint_gemm_ffn_hw_naive,gemm,down_proj,fpint_gemm_naive,attn_sgemm_tcu_fpint_gemm_naive_spinquant,generation,down_proj,-m 4 -n 4096 -k 14336 -q 32 -t 0 -d 0,"{""K"": 14336, ""M"": 4, ""N"": 4096, ""QBLK"": 32, ""QDIR"": 0, ""WTRANS"": 0}",32.0,/opt/vortex_fpga_bins/fpint/xrt_hw_u55c_c1_f100_fpint_noDcache_L2cache_569775c93b/bin,305691383bad7ab314db307aab78a49a7fe03861e41a4b4f5992a28a46e0953c,0,1,explicit,pass,0,,,/home/jaeyongjang/project.local/vortex/analysis_workspace/latency_on_hw/outputs_main/naive_gemm_tcol32/runs/20260629T171713598521Z/raw/4534f0b04b.csv,,,1,0,,,,,,,/home/jaeyongjang/project.local/vortex/analysis_workspace/latency_on_hw/outputs_main/naive_gemm_tcol32/runs/20260629T171713598521Z/logs/4534f0b04b.log,16.262,1,325661.806,325661.806,325661.806,325661.806,325661.806,1,32430795,32430795,32430795,32430795,32430795,32430795,
20260629T171713598521Z,2026-06-29T17:20:16+00:00,naive_gemm_tcol32,0b7944f3ac26,fpint_improve,1,generation_merged_naive_gemm_tcol32,llama3_8b_generation_C2_batch8_gen_kv_len512_qblk32_generation_q_proj,465747cfce,fpint_gemm_ffn_hw_naive,gemm,q_proj,fpint_gemm_naive,attn_sgemm_tcu_fpint_gemm_naive_spinquant,generation,q_proj,-m 8 -n 4096 -k 4096 -q 32 -t 0 -d 0,"{""K"": 4096, ""M"": 8, ""N"": 4096, ""QBLK"": 32, ""QDIR"": 0, ""WTRANS"": 0}",32.0,/opt/vortex_fpga_bins/fpint/xrt_hw_u55c_c1_f100_fpint_noDcache_L2cache_569775c93b/bin,305691383bad7ab314db307aab78a49a7fe03861e41a4b4f5992a28a46e0953c,0,1,explicit,pass,0,,,/home/jaeyongjang/project.local/vortex/analysis_workspace/latency_on_hw/outputs_main/naive_gemm_tcol32/runs/20260629T171713598521Z/raw/465747cfce.csv,,,1,0,,,,,,,/home/jaeyongjang/project.local/vortex/analysis_workspace/latency_on_hw/outputs_main/naive_gemm_tcol32/runs/20260629T171713598521Z/logs/465747cfce.log,10.917,1,95266.173,95266.173,95266.173,95266.173,95266.173,1,9413782,9413782,9413782,9413782,9413782,9413782,
20260629T171713598521Z,2026-06-29T17:20:26+00:00,naive_gemm_tcol32,0b7944f3ac26,fpint_improve,1,generation_merged_naive_gemm_tcol32,llama3_8b_generation_C2_batch8_gen_kv_len512_qblk32_generation_k_proj,3f1d1c6893,fpint_gemm_ffn_hw_naive,gemm,k_proj,fpint_gemm_naive,attn_sgemm_tcu_fpint_gemm_naive_spinquant,generation,k_proj,-m 8 -n 1024 -k 4096 -q 32 -t 0 -d 0,"{""K"": 4096, ""M"": 8, ""N"": 1024, ""QBLK"": 32, ""QDIR"": 0, ""WTRANS"": 0}",32.0,/opt/vortex_fpga_bins/fpint/xrt_hw_u55c_c1_f100_fpint_noDcache_L2cache_569775c93b/bin,305691383bad7ab314db307aab78a49a7fe03861e41a4b4f5992a28a46e0953c,0,1,explicit,pass,0,,,/home/jaeyongjang/project.local/vortex/analysis_workspace/latency_on_hw/outputs_main/naive_gemm_tcol32/runs/20260629T171713598521Z/raw/3f1d1c6893.csv,,,1,0,,,,,,,/home/jaeyongjang/project.local/vortex/analysis_workspace/latency_on_hw/outputs_main/naive_gemm_tcol32/runs/20260629T171713598521Z/logs/3f1d1c6893.log,9.790,1,25002.451,25002.451,25002.451,25002.451,25002.451,1,2380609,2380609,2380609,2380609,2380609,2380609,
20260629T171713598521Z,2026-06-29T17:20:41+00:00,naive_gemm_tcol32,0b7944f3ac26,fpint_improve,1,generation_merged_naive_gemm_tcol32,llama3_8b_generation_C2_batch8_gen_kv_len512_qblk32_generation_gate_proj,13567f5a6d,fpint_gemm_ffn_hw_naive,gemm,gate_proj,fpint_gemm_naive,attn_sgemm_tcu_fpint_gemm_naive_spinquant,generation,gate_proj,-m 8 -n 14336 -k 4096 -q 32 -t 0 -d 0,"{""K"": 4096, ""M"": 8, ""N"": 14336, ""QBLK"": 32, ""QDIR"": 0, ""WTRANS"": 0}",32.0,/opt/vortex_fpga_bins/fpint/xrt_hw_u55c_c1_f100_fpint_noDcache_L2cache_569775c93b/bin,305691383bad7ab314db307aab78a49a7fe03861e41a4b4f5992a28a46e0953c,0,1,explicit,pass,0,,,/home/jaeyongjang/project.local/vortex/analysis_workspace/latency_on_hw/outputs_main/naive_gemm_tcol32/runs/20260629T171713598521Z/raw/13567f5a6d.csv,,,1,0,,,,,,,/home/jaeyongjang/project.local/vortex/analysis_workspace/latency_on_hw/outputs_main/naive_gemm_tcol32/runs/20260629T171713598521Z/logs/13567f5a6d.log,14.769,1,331094.148,331094.148,331094.148,331094.148,331094.148,1,33010546,33010546,33010546,33010546,33010546,33010546,
20260629T171713598521Z,2026-06-29T17:20:57+00:00,naive_gemm_tcol32,0b7944f3ac26,fpint_improve,1,generation_merged_naive_gemm_tcol32,llama3_8b_generation_C2_batch8_gen_kv_len512_qblk32_generation_down_proj,48ba9db149,fpint_gemm_ffn_hw_naive,gemm,down_proj,fpint_gemm_naive,attn_sgemm_tcu_fpint_gemm_naive_spinquant,generation,down_proj,-m 8 -n 4096 -k 14336 -q 32 -t 0 -d 0,"{""K"": 14336, ""M"": 8, ""N"": 4096, ""QBLK"": 32, ""QDIR"": 0, ""WTRANS"": 0}",32.0,/opt/vortex_fpga_bins/fpint/xrt_hw_u55c_c1_f100_fpint_noDcache_L2cache_569775c93b/bin,305691383bad7ab314db307aab78a49a7fe03861e41a4b4f5992a28a46e0953c,0,1,explicit,pass,0,,,/home/jaeyongjang/project.local/vortex/analysis_workspace/latency_on_hw/outputs_main/naive_gemm_tcol32/runs/20260629T171713598521Z/raw/48ba9db149.csv,,,1,0,,,,,,,/home/jaeyongjang/project.local/vortex/analysis_workspace/latency_on_hw/outputs_main/naive_gemm_tcol32/runs/20260629T171713598521Z/logs/48ba9db149.log,16.047,1,329830.014,329830.014,329830.014,329830.014,329830.014,1,32832095,32832095,32832095,32832095,32832095,32832095,
20260629T171713598521Z,2026-06-29T17:21:04+00:00,naive_gemm_tcol32,0b7944f3ac26,fpint_improve,1,generation_merged_naive_gemm_tcol32,llama3_8b_generation_C3_batch1_gen_kv_len512_qblk32_generation_attn_qkT,1f8826de56,fpint_gemm_ffn_hw_naive,gemm,attn_qkT,fpint_gemm_naive,all_fpint_gemm_naive_spinquant,generation,attn_qkT,-m 4 -n 512 -k 128 -q 128 -t 1 -d 0,"{""K"": 128, ""M"": 4, ""N"": 512, ""QBLK"": 128, ""QDIR"": 0, ""WTRANS"": 1, ""grouped_query_attention"": true, ""key_value_heads"": 8, ""per_head"": true, ""query_heads"": 32, ""query_heads_per_kv"": 4}",256.0,/opt/vortex_fpga_bins/fpint/xrt_hw_u55c_c1_f100_fpint_noDcache_L2cache_569775c93b/bin,305691383bad7ab314db307aab78a49a7fe03861e41a4b4f5992a28a46e0953c,0,1,explicit,pass,0,,,/home/jaeyongjang/project.local/vortex/analysis_workspace/latency_on_hw/outputs_main/naive_gemm_tcol32/runs/20260629T171713598521Z/raw/1f8826de56.csv,,,1,0,,,,,,,/home/jaeyongjang/project.local/vortex/analysis_workspace/latency_on_hw/outputs_main/naive_gemm_tcol32/runs/20260629T171713598521Z/logs/1f8826de56.log,7.124,1,1697.244,1697.244,1697.244,1697.244,1697.244,1,57542,57542,57542,57542,57542,57542,
20260629T171713598521Z,2026-06-29T17:21:13+00:00,naive_gemm_tcol32,0b7944f3ac26,fpint_improve,1,generation_merged_naive_gemm_tcol32,llama3_8b_generation_C3_batch1_gen_kv_len512_qblk32_generation_attn_pv,afc6f7f6b0,fpint_gemm_ffn_hw_naive,gemm,attn_pv,fpint_gemm_naive,all_fpint_gemm_naive_spinquant,generation,attn_pv,-m 4 -n 128 -k 512 -q 128 -t 0 -d 1,"{""K"": 512, ""M"": 4, ""N"": 128, ""QBLK"": 128, ""QDIR"": 1, ""WTRANS"": 0, ""grouped_query_attention"": true, ""key_value_heads"": 8, ""per_head"": true, ""query_heads"": 32, ""query_heads_per_kv"": 4}",256.0,/opt/vortex_fpga_bins/fpint/xrt_hw_u55c_c1_f100_fpint_noDcache_L2cache_569775c93b/bin,305691383bad7ab314db307aab78a49a7fe03861e41a4b4f5992a28a46e0953c,0,1,explicit,pass,0,,,/home/jaeyongjang/project.local/vortex/analysis_workspace/latency_on_hw/outputs_main/naive_gemm_tcol32/runs/20260629T171713598521Z/raw/afc6f7f6b0.csv,,,1,0,,,,,,,/home/jaeyongjang/project.local/vortex/analysis_workspace/latency_on_hw/outputs_main/naive_gemm_tcol32/runs/20260629T171713598521Z/logs/afc6f7f6b0.log,8.072,1,1756.218,1756.218,1756.218,1756.218,1756.218,1,93853,93853,93853,93853,93853,93853,
20260629T171713598521Z,2026-06-29T17:21:20+00:00,naive_gemm_tcol32,0b7944f3ac26,fpint_improve,1,generation_merged_naive_gemm_tcol32,llama3_8b_generation_C3_batch1_gen_kv_len1024_qblk32_generation_attn_qkT,4aa2bba240,fpint_gemm_ffn_hw_naive,gemm,attn_qkT,fpint_gemm_naive,all_fpint_gemm_naive_spinquant,generation,attn_qkT,-m 4 -n 1024 -k 128 -q 128 -t 1 -d 0,"{""K"": 128, ""M"": 4, ""N"": 1024, ""QBLK"": 128, ""QDIR"": 0, ""WTRANS"": 1, ""grouped_query_attention"": true, ""key_value_heads"": 8, ""per_head"": true, ""query_heads"": 32, ""query_heads_per_kv"": 4}",256.0,/opt/vortex_fpga_bins/fpint/xrt_hw_u55c_c1_f100_fpint_noDcache_L2cache_569775c93b/bin,305691383bad7ab314db307aab78a49a7fe03861e41a4b4f5992a28a46e0953c,0,1,explicit,pass,0,,,/home/jaeyongjang/project.local/vortex/analysis_workspace/latency_on_hw/outputs_main/naive_gemm_tcol32/runs/20260629T171713598521Z/raw/4aa2bba240.csv,,,1,0,,,,,,,/home/jaeyongjang/project.local/vortex/analysis_workspace/latency_on_hw/outputs_main/naive_gemm_tcol32/runs/20260629T171713598521Z/logs/4aa2bba240.log,6.830,1,1743.656,1743.656,1743.656,1743.656,1743.656,1,95033,95033,95033,95033,95033,95033,
20260629T171713598521Z,2026-06-29T17:21:27+00:00,naive_gemm_tcol32,0b7944f3ac26,fpint_improve,1,generation_merged_naive_gemm_tcol32,llama3_8b_generation_C3_batch1_gen_kv_len1024_qblk32_generation_attn_pv,ead1892496,fpint_gemm_ffn_hw_naive,gemm,attn_pv,fpint_gemm_naive,all_fpint_gemm_naive_spinquant,generation,attn_pv,-m 4 -n 128 -k 1024 -q 128 -t 0 -d 1,"{""K"": 1024, ""M"": 4, ""N"": 128, ""QBLK"": 128, ""QDIR"": 1, ""WTRANS"": 0, ""grouped_query_attention"": true, ""key_value_heads"": 8, ""per_head"": true, ""query_heads"": 32, ""query_heads_per_kv"": 4}",256.0,/opt/vortex_fpga_bins/fpint/xrt_hw_u55c_c1_f100_fpint_noDcache_L2cache_569775c93b/bin,305691383bad7ab314db307aab78a49a7fe03861e41a4b4f5992a28a46e0953c,0,1,explicit,pass,0,,,/home/jaeyongjang/project.local/vortex/analysis_workspace/latency_on_hw/outputs_main/naive_gemm_tcol32/runs/20260629T171713598521Z/raw/ead1892496.csv,,,1,0,,,,,,,/home/jaeyongjang/project.local/vortex/analysis_workspace/latency_on_hw/outputs_main/naive_gemm_tcol32/runs/20260629T171713598521Z/logs/ead1892496.log,7.723,1,2820.569,2820.569,2820.569,2820.569,2820.569,1,163216,163216,163216,163216,163216,163216,
20260629T171713598521Z,2026-06-29T17:21:36+00:00,naive_gemm_tcol32,0b7944f3ac26,fpint_improve,1,generation_merged_naive_gemm_tcol32,llama3_8b_generation_C3_batch1_gen_kv_len2048_qblk32_generation_attn_qkT,24ddfb071b,fpint_gemm_ffn_hw_naive,gemm,attn_qkT,fpint_gemm_naive,all_fpint_gemm_naive_spinquant,generation,attn_qkT,-m 4 -n 2048 -k 128 -q 128 -t 1 -d 0,"{""K"": 128, ""M"": 4, ""N"": 2048, ""QBLK"": 128, ""QDIR"": 0, ""WTRANS"": 1, ""grouped_query_attention"": true, ""key_value_heads"": 8, ""per_head"": true, ""query_heads"": 32, ""query_heads_per_kv"": 4}",256.0,/opt/vortex_fpga_bins/fpint/xrt_hw_u55c_c1_f100_fpint_noDcache_L2cache_569775c93b/bin,305691383bad7ab314db307aab78a49a7fe03861e41a4b4f5992a28a46e0953c,0,1,explicit,pass,0,,,/home/jaeyongjang/project.local/vortex/analysis_workspace/latency_on_hw/outputs_main/naive_gemm_tcol32/runs/20260629T171713598521Z/raw/24ddfb071b.csv,,,1,0,,,,,,,/home/jaeyongjang/project.local/vortex/analysis_workspace/latency_on_hw/outputs_main/naive_gemm_tcol32/runs/20260629T171713598521Z/logs/24ddfb071b.log,8.035,1,2804.293,2804.293,2804.293,2804.293,2804.293,1,169960,169960,169960,169960,169960,169960,
20260629T171713598521Z,2026-06-29T17:21:43+00:00,naive_gemm_tcol32,0b7944f3ac26,fpint_improve,1,generation_merged_naive_gemm_tcol32,llama3_8b_generation_C3_batch1_gen_kv_len2048_qblk32_generation_attn_pv,804ced2c56,fpint_gemm_ffn_hw_naive,gemm,attn_pv,fpint_gemm_naive,all_fpint_gemm_naive_spinquant,generation,attn_pv,-m 4 -n 128 -k 2048 -q 128 -t 0 -d 1,"{""K"": 2048, ""M"": 4, ""N"": 128, ""QBLK"": 128, ""QDIR"": 1, ""WTRANS"": 0, ""grouped_query_attention"": true, ""key_value_heads"": 8, ""per_head"": true, ""query_heads"": 32, ""query_heads_per_kv"": 4}",256.0,/opt/vortex_fpga_bins/fpint/xrt_hw_u55c_c1_f100_fpint_noDcache_L2cache_569775c93b/bin,305691383bad7ab314db307aab78a49a7fe03861e41a4b4f5992a28a46e0953c,0,1,explicit,pass,0,,,/home/jaeyongjang/project.local/vortex/analysis_workspace/latency_on_hw/outputs_main/naive_gemm_tcol32/runs/20260629T171713598521Z/raw/804ced2c56.csv,,,1,0,,,,,,,/home/jaeyongjang/project.local/vortex/analysis_workspace/latency_on_hw/outputs_main/naive_gemm_tcol32/runs/20260629T171713598521Z/logs/804ced2c56.log,7.097,1,3885.229,3885.229,3885.229,3885.229,3885.229,1,301869,301869,301869,301869,301869,301869,
20260629T171713598521Z,2026-06-29T17:21:51+00:00,naive_gemm_tcol32,0b7944f3ac26,fpint_improve,1,generation_merged_naive_gemm_tcol32,llama3_8b_generation_C3_batch1_gen_kv_len4096_qblk32_generation_attn_qkT,166a593771,fpint_gemm_ffn_hw_naive,gemm,attn_qkT,fpint_gemm_naive,all_fpint_gemm_naive_spinquant,generation,attn_qkT,-m 4 -n 4096 -k 128 -q 128 -t 1 -d 0,"{""K"": 128, ""M"": 4, ""N"": 4096, ""QBLK"": 128, ""QDIR"": 0, ""WTRANS"": 1, ""grouped_query_attention"": true, ""key_value_heads"": 8, ""per_head"": true, ""query_heads"": 32, ""query_heads_per_kv"": 4}",256.0,/opt/vortex_fpga_bins/fpint/xrt_hw_u55c_c1_f100_fpint_noDcache_L2cache_569775c93b/bin,305691383bad7ab314db307aab78a49a7fe03861e41a4b4f5992a28a46e0953c,0,1,explicit,pass,0,,,/home/jaeyongjang/project.local/vortex/analysis_workspace/latency_on_hw/outputs_main/naive_gemm_tcol32/runs/20260629T171713598521Z/raw/166a593771.csv,,,1,0,,,,,,,/home/jaeyongjang/project.local/vortex/analysis_workspace/latency_on_hw/outputs_main/naive_gemm_tcol32/runs/20260629T171713598521Z/logs/166a593771.log,8.106,1,4922.218,4922.218,4922.218,4922.218,4922.218,1,319612,319612,319612,319612,319612,319612,
20260629T171713598521Z,2026-06-29T17:21:59+00:00,naive_gemm_tcol32,0b7944f3ac26,fpint_improve,1,generation_merged_naive_gemm_tcol32,llama3_8b_generation_C3_batch1_gen_kv_len4096_qblk32_generation_attn_pv,348fd3e1b6,fpint_gemm_ffn_hw_naive,gemm,attn_pv,fpint_gemm_naive,all_fpint_gemm_naive_spinquant,generation,attn_pv,-m 4 -n 128 -k 4096 -q 128 -t 0 -d 1,"{""K"": 4096, ""M"": 4, ""N"": 128, ""QBLK"": 128, ""QDIR"": 1, ""WTRANS"": 0, ""grouped_query_attention"": true, ""key_value_heads"": 8, ""per_head"": true, ""query_heads"": 32, ""query_heads_per_kv"": 4}",256.0,/opt/vortex_fpga_bins/fpint/xrt_hw_u55c_c1_f100_fpint_noDcache_L2cache_569775c93b/bin,305691383bad7ab314db307aab78a49a7fe03861e41a4b4f5992a28a46e0953c,0,1,explicit,pass,0,,,/home/jaeyongjang/project.local/vortex/analysis_workspace/latency_on_hw/outputs_main/naive_gemm_tcol32/runs/20260629T171713598521Z/raw/348fd3e1b6.csv,,,1,0,,,,,,,/home/jaeyongjang/project.local/vortex/analysis_workspace/latency_on_hw/outputs_main/naive_gemm_tcol32/runs/20260629T171713598521Z/logs/348fd3e1b6.log,8.059,1,7064.422,7064.422,7064.422,7064.422,7064.422,1,579045,579045,579045,579045,579045,579045,
20260629T171713598521Z,2026-06-29T17:22:06+00:00,naive_gemm_tcol32,0b7944f3ac26,fpint_improve,1,generation_merged_naive_gemm_tcol32,llama3_8b_generation_C3_batch1_gen_kv_len8192_qblk32_generation_attn_qkT,6efd6afb92,fpint_gemm_ffn_hw_naive,gemm,attn_qkT,fpint_gemm_naive,all_fpint_gemm_naive_spinquant,generation,attn_qkT,-m 4 -n 8192 -k 128 -q 128 -t 1 -d 0,"{""K"": 128, ""M"": 4, ""N"": 8192, ""QBLK"": 128, ""QDIR"": 0, ""WTRANS"": 1, ""grouped_query_attention"": true, ""key_value_heads"": 8, ""per_head"": true, ""query_heads"": 32, ""query_heads_per_kv"": 4}",256.0,/opt/vortex_fpga_bins/fpint/xrt_hw_u55c_c1_f100_fpint_noDcache_L2cache_569775c93b/bin,305691383bad7ab314db307aab78a49a7fe03861e41a4b4f5992a28a46e0953c,0,1,explicit,pass,0,,,/home/jaeyongjang/project.local/vortex/analysis_workspace/latency_on_hw/outputs_main/naive_gemm_tcol32/runs/20260629T171713598521Z/raw/6efd6afb92.csv,,,1,0,,,,,,,/home/jaeyongjang/project.local/vortex/analysis_workspace/latency_on_hw/outputs_main/naive_gemm_tcol32/runs/20260629T171713598521Z/logs/6efd6afb92.log,6.801,1,6989.491,6989.491,6989.491,6989.491,6989.491,1,619127,619127,619127,619127,619127,619127,
20260629T171713598521Z,2026-06-29T17:22:14+00:00,naive_gemm_tcol32,0b7944f3ac26,fpint_improve,1,generation_merged_naive_gemm_tcol32,llama3_8b_generation_C3_batch1_gen_kv_len8192_qblk32_generation_attn_pv,a40681a3dc,fpint_gemm_ffn_hw_naive,gemm,attn_pv,fpint_gemm_naive,all_fpint_gemm_naive_spinquant,generation,attn_pv,-m 4 -n 128 -k 8192 -q 128 -t 0 -d 1,"{""K"": 8192, ""M"": 4, ""N"": 128, ""QBLK"": 128, ""QDIR"": 1, ""WTRANS"": 0, ""grouped_query_attention"": true, ""key_value_heads"": 8, ""per_head"": true, ""query_heads"": 32, ""query_heads_per_kv"": 4}",256.0,/opt/vortex_fpga_bins/fpint/xrt_hw_u55c_c1_f100_fpint_noDcache_L2cache_569775c93b/bin,305691383bad7ab314db307aab78a49a7fe03861e41a4b4f5992a28a46e0953c,0,1,explicit,pass,0,,,/home/jaeyongjang/project.local/vortex/analysis_workspace/latency_on_hw/outputs_main/naive_gemm_tcol32/runs/20260629T171713598521Z/raw/a40681a3dc.csv,,,1,0,,,,,,,/home/jaeyongjang/project.local/vortex/analysis_workspace/latency_on_hw/outputs_main/naive_gemm_tcol32/runs/20260629T171713598521Z/logs/a40681a3dc.log,8.273,1,12407.174,12407.174,12407.174,12407.174,12407.174,1,1133412,1133412,1133412,1133412,1133412,1133412,
20260629T171713598521Z,2026-06-29T17:22:21+00:00,naive_gemm_tcol32,0b7944f3ac26,fpint_improve,1,generation_merged_naive_gemm_tcol32,llama3_8b_generation_C3_batch1_gen_kv_len16384_qblk32_generation_attn_qkT,fcfb1aa5b5,fpint_gemm_ffn_hw_naive,gemm,attn_qkT,fpint_gemm_naive,all_fpint_gemm_naive_spinquant,generation,attn_qkT,-m 4 -n 16384 -k 128 -q 128 -t 1 -d 0,"{""K"": 128, ""M"": 4, ""N"": 16384, ""QBLK"": 128, ""QDIR"": 0, ""WTRANS"": 1, ""grouped_query_attention"": true, ""key_value_heads"": 8, ""per_head"": true, ""query_heads"": 32, ""query_heads_per_kv"": 4}",256.0,/opt/vortex_fpga_bins/fpint/xrt_hw_u55c_c1_f100_fpint_noDcache_L2cache_569775c93b/bin,305691383bad7ab314db307aab78a49a7fe03861e41a4b4f5992a28a46e0953c,0,1,explicit,pass,0,,,/home/jaeyongjang/project.local/vortex/analysis_workspace/latency_on_hw/outputs_main/naive_gemm_tcol32/runs/20260629T171713598521Z/raw/fcfb1aa5b5.csv,,,1,0,,,,,,,/home/jaeyongjang/project.local/vortex/analysis_workspace/latency_on_hw/outputs_main/naive_gemm_tcol32/runs/20260629T171713598521Z/logs/fcfb1aa5b5.log,6.678,1,13475.976,13475.976,13475.976,13475.976,13475.976,1,1218235,1218235,1218235,1218235,1218235,1218235,
20260629T171713598521Z,2026-06-29T17:22:28+00:00,naive_gemm_tcol32,0b7944f3ac26,fpint_improve,1,generation_merged_naive_gemm_tcol32,llama3_8b_generation_C3_batch1_gen_kv_len16384_qblk32_generation_attn_pv,3a1badf89e,fpint_gemm_ffn_hw_naive,gemm,attn_pv,fpint_gemm_naive,all_fpint_gemm_naive_spinquant,generation,attn_pv,-m 4 -n 128 -k 16384 -q 128 -t 0 -d 1,"{""K"": 16384, ""M"": 4, ""N"": 128, ""QBLK"": 128, ""QDIR"": 1, ""WTRANS"": 0, ""grouped_query_attention"": true, ""key_value_heads"": 8, ""per_head"": true, ""query_heads"": 32, ""query_heads_per_kv"": 4}",256.0,/opt/vortex_fpga_bins/fpint/xrt_hw_u55c_c1_f100_fpint_noDcache_L2cache_569775c93b/bin,305691383bad7ab314db307aab78a49a7fe03861e41a4b4f5992a28a46e0953c,0,1,explicit,pass,0,,,/home/jaeyongjang/project.local/vortex/analysis_workspace/latency_on_hw/outputs_main/naive_gemm_tcol32/runs/20260629T171713598521Z/raw/3a1badf89e.csv,,,1,0,,,,,,,/home/jaeyongjang/project.local/vortex/analysis_workspace/latency_on_hw/outputs_main/naive_gemm_tcol32/runs/20260629T171713598521Z/logs/3a1badf89e.log,6.538,1,23976.644,23976.644,23976.644,23976.644,23976.644,1,2242273,2242273,2242273,2242273,2242273,2242273,
20260629T171713598521Z,2026-06-29T17:22:35+00:00,naive_gemm_tcol32,0b7944f3ac26,fpint_improve,1,generation_merged_naive_gemm_tcol32,llama3_8b_generation_C3_batch1_gen_kv_len32768_qblk32_generation_attn_qkT,2858926603,fpint_gemm_ffn_hw_naive,gemm,attn_qkT,fpint_gemm_naive,all_fpint_gemm_naive_spinquant,generation,attn_qkT,-m 4 -n 32768 -k 128 -q 128 -t 1 -d 0,"{""K"": 128, ""M"": 4, ""N"": 32768, ""QBLK"": 128, ""QDIR"": 0, ""WTRANS"": 1, ""grouped_query_attention"": true, ""key_value_heads"": 8, ""per_head"": true, ""query_heads"": 32, ""query_heads_per_kv"": 4}",256.0,/opt/vortex_fpga_bins/fpint/xrt_hw_u55c_c1_f100_fpint_noDcache_L2cache_569775c93b/bin,305691383bad7ab314db307aab78a49a7fe03861e41a4b4f5992a28a46e0953c,0,1,explicit,pass,0,,,/home/jaeyongjang/project.local/vortex/analysis_workspace/latency_on_hw/outputs_main/naive_gemm_tcol32/runs/20260629T171713598521Z/raw/2858926603.csv,,,1,0,,,,,,,/home/jaeyongjang/project.local/vortex/analysis_workspace/latency_on_hw/outputs_main/naive_gemm_tcol32/runs/20260629T171713598521Z/logs/2858926603.log,6.908,1,25008.277,25008.277,25008.277,25008.277,25008.277,1,2416456,2416456,2416456,2416456,2416456,2416456,
20260629T171713598521Z,2026-06-29T17:22:44+00:00,naive_gemm_tcol32,0b7944f3ac26,fpint_improve,1,generation_merged_naive_gemm_tcol32,llama3_8b_generation_C3_batch1_gen_kv_len32768_qblk32_generation_attn_pv,ae1058886e,fpint_gemm_ffn_hw_naive,gemm,attn_pv,fpint_gemm_naive,all_fpint_gemm_naive_spinquant,generation,attn_pv,-m 4 -n 128 -k 32768 -q 128 -t 0 -d 1,"{""K"": 32768, ""M"": 4, ""N"": 128, ""QBLK"": 128, ""QDIR"": 1, ""WTRANS"": 0, ""grouped_query_attention"": true, ""key_value_heads"": 8, ""per_head"": true, ""query_heads"": 32, ""query_heads_per_kv"": 4}",256.0,/opt/vortex_fpga_bins/fpint/xrt_hw_u55c_c1_f100_fpint_noDcache_L2cache_569775c93b/bin,305691383bad7ab314db307aab78a49a7fe03861e41a4b4f5992a28a46e0953c,0,1,explicit,pass,0,,,/home/jaeyongjang/project.local/vortex/analysis_workspace/latency_on_hw/outputs_main/naive_gemm_tcol32/runs/20260629T171713598521Z/raw/ae1058886e.csv,,,1,0,,,,,,,/home/jaeyongjang/project.local/vortex/analysis_workspace/latency_on_hw/outputs_main/naive_gemm_tcol32/runs/20260629T171713598521Z/logs/ae1058886e.log,8.687,1,46182.412,46182.412,46182.412,46182.412,46182.412,1,4460171,4460171,4460171,4460171,4460171,4460171,
