key,gemm_cycles,core_cycles,gemm_us,core_us,input_fire,input_util_pct,pipeline_util_pct,useful_gflops,effective_peak_pct,hbm_core_gbps,hbm_gemm_gbps,hbm_core_rd_bytes,hbm_core_wr_bytes,hbm_gemm_rd_bytes,hbm_gemm_wr_bytes,weight_fire,dma_union_active_cycles,overlap_dma_pipeline_cycles,dma_pipeline_overlap_pct,logical_m,logical_n,logical_k,argument_m,argument_n,argument_k
c3_llama2_ffn_decode,2399965,2409704,23999.65,24097.04,176128,7.338773690449653,51.236913871660626,3.757452129510222,7.338773690449653,1.178449676806778,1.1827959157737717,28372992,24157,28364928,21760,704512,2038147,1124038,55.1499965409757,1,11008,4096,1,11008,4096
c3_llama2_ffn_decode_m4,2467912,2477654,24679.12,24776.54,704512,28.54688497807053,66.3569851761327,14.616005108772113,28.54688497807053,1.1711038345144236,1.1752743209644427,28925696,90205,28917632,87104,704512,2095051,1524992,72.79020892570158,4,11008,4096,4,11008,4096
c3_llama3_attention_decode,7596,17467,75.96,174.67000000000002,2080,27.38283307003686,76.43496577145866,13.817798841495524,26.987888362295948,0.5102478960325184,1.0405476566614007,78784,10341,70848,8192,2080,4404,3614,82.06176203451408,4,1025,128,4,1025,128
c3_llama3_kv_decode,219638,229379,2196.38,2293.79,16384,7.4595470729108815,52.32928728180005,3.819288101330371,7.4595470729108815,1.155828999167317,1.2023274661033154,2647040,4189,2638976,1792,65536,185556,104837,56.4988467093492,1,1024,4096,1,1024,4096
c3_llama3_kv_decode_b64_20261009,1146321,1156079,11463.21,11560.789999999999,1048576,91.4731562974071,99.03700621379178,46.83425602427243,91.4731562974071,0.35197291880572174,0.3539950851463072,3935872,133213,3927808,130112,65536,621279,618846,99.60838850178422,64,1024,4096,64,1024,4096
c3_llama3_kv_decode_m4,224586,234329,2245.86,2343.29,65536,29.18080379008487,67.50554353343486,14.940571540523452,29.18080379008487,1.1565947876703266,1.2017988654680167,2699904,10333,2691840,7232,65536,190131,141296,74.31507749919793,4,1024,4096,4,1024,4096
c3_small,773,10497,7.73,104.97000000000001,64,8.279430789133247,15.265200517464425,4.239068564036223,8.279430789133247,0.12160617319234067,0.3311772315653299,9600,3165,1664,896,16,411,0,0.0,16,32,32,16,32,32
c4_llama2_ffn_decode,1252396,1261362,12523.960000000001,12613.62,176128,14.063283498190668,99.41799558606064,7.200401151073621,14.063283498190668,2.2924721055493986,2.3081364041405434,28892352,24020,28884992,22016,704512,1247836,1243645,99.6641385566693,1,11008,4096,1,11008,4096
c4_llama2_ffn_decode_m4,1248257,1257237,12482.57,12572.369999999999,704512,56.43965946115264,98.8797979903177,28.897105644110145,56.43965946115264,2.473356733853681,2.49039997372336,31005888,90068,30998528,88064,704512,1240488,1232812,99.38121126524399,4,11008,4096,4,11008,4096
c4_llama3_attention_decode,5324,14330,53.24,143.29999999999998,2080,39.06836964688205,71.11194590533434,19.7145003756574,38.50488354620586,0.6816748080949058,1.6589030803906837,87360,10324,80000,8320,2080,4510,3642,80.75388026607538,4,1025,128,4,1025,128
c4_llama3_kv_decode,116716,125712,1167.16,1257.1200000000001,16384,14.037492717365229,99.23489495870318,7.187196271290997,14.037492717365229,2.146484026982309,2.303903492237568,2694336,4052,2686976,2048,65536,116212,115687,99.54823942450005,1,1024,4096,1,1024,4096
c4_llama3_kv_decode_b64_20261009,1055150,1064112,10551.5,10641.12,1048576,99.37696062171256,99.39439890063025,50.88100383831683,99.37696062171256,0.6537075044732134,0.6583723641188457,6823104,133076,6815744,131072,65536,1054299,1048600,99.45945125623756,64,1024,4096,64,1024,4096
c4_llama3_kv_decode_m4,116399,125337,1163.99,1253.37,65536,56.30288920007904,98.64174090842704,28.827079270440468,56.30288920007904,2.314671645244421,2.4843649859534875,2890944,10196,2883584,8192,65536,115572,114682,99.22991728100232,4,1024,4096,4,1024,4096
c4_small,303,9237,3.03,92.37,64,21.122112211221122,28.71287128712871,10.814521452145215,21.122112211221122,0.13047526253112482,0.8871287128712871,9024,3028,1664,1024,16,219,67,30.59360730593607,16,32,32,16,32,32
