design,family,precision,period_ns,sw_uw,int_uw,leak_uw,total_uw,area_um2,comb_area_um2,seq_area_um2,buf_area_um2,wns_ns,crit_ns,rpt_path
fp_mac_pe,fp,FP16,10.0,105.0,180.0,0.648,286.0,3356.612969,3222.179972,134.432997,215.514006,0.0,0.0,/home/jaeyongjang/project.local/vortex_fpint/third_party/component_database/fp_operation/fp_mac_pe/period10.0_precisionFP16_pipeline1_out_precisionFP32/pwr.run1/reports/fp_mac_pe_report_power.report
fp_mac_pe,fp,FP32,10.0,143.0,243.0,0.843,386.0,4004.675949,3800.744954,203.930995,229.203006,0.36,0.0,/home/jaeyongjang/project.local/vortex_fpint/third_party/component_database/fp_operation/fp_mac_pe/period10.0_precisionFP32_pipeline1_out_precisionFP32/pwr.run1/reports/fp_mac_pe_report_power.report
fp_sum3,fp,FP16,10.0,31.099999999999998,51.9,0.17200000000000001,83.2,936.701999,877.500002,59.201997,70.902002,0.36,0.0,/home/jaeyongjang/project.local/vortex_fpint/third_party/component_database/fp_operation/fp_sum3/period10.0_precisionFP16_pipeline1/pwr.run1/reports/fp_sum3_report_power.report
fp_sum3,fp,FP32,10.0,66.60000000000001,165.0,0.429,232.0,2195.387997,1822.509003,372.878995,179.127005,1.46,0.0,/home/jaeyongjang/project.local/vortex_fpint/third_party/component_database/fp_operation/fp_sum3/period10.0_precisionFP32_pipeline1/pwr.run1/reports/fp_sum3_report_power.report
fp_sum4,fp,FP16,10.0,59.9,155.0,0.365,215.0,1838.888998,1504.034999,334.853999,155.025005,0.0,0.0,/home/jaeyongjang/project.local/vortex_fpint/third_party/component_database/fp_operation/fp_sum4/period10.0_precisionFP16_pipeline1/pwr.run1/reports/fp_sum4_report_power.report
fp_sum4,fp,FP32,10.0,127.0,330.0,0.7999999999999999,458.0,3878.315985,3187.314004,691.001981,341.172009,0.01,0.0,/home/jaeyongjang/project.local/vortex_fpint/third_party/component_database/fp_operation/fp_sum4/period10.0_precisionFP32_pipeline1/pwr.run1/reports/fp_sum4_report_power.report
fp_add,fp,FP16,10.0,11.0,22.7,0.057800000000000004,33.800000000000004,326.195999,282.438001,43.757998,29.601001,4.17,0.0,/home/jaeyongjang/project.local/vortex_fpint/third_party/component_database/fp_operation/fp_add/period10.0_precisionFP16_pipeline1/pwr.run1/reports/fp_add_report_power.report
fp_add,fp,FP32,10.0,21.2,43.099999999999994,0.112,64.39999999999999,659.295,576.927003,82.367996,56.745002,2.0,0.0,/home/jaeyongjang/project.local/vortex_fpint/third_party/component_database/fp_operation/fp_add/period10.0_precisionFP32_pipeline1/pwr.run1/reports/fp_add_report_power.report
fp_flt2i,fp,FP16,10.0,5.32,19.3,0.0327,24.6,205.568998,148.941001,56.627997,21.060001,8.14,0.0,/home/jaeyongjang/project.local/vortex_fpint/third_party/component_database/fp_operation/fp_flt2i/period10.0_precisionFP16_pipeline1/pwr.run1/reports/fp_flt2i_report_power.report
fp_flt2i,fp,FP32,10.0,10.8,33.9,0.056799999999999996,44.8,376.154997,280.917001,95.237996,27.027001,7.34,0.0,/home/jaeyongjang/project.local/vortex_fpint/third_party/component_database/fp_operation/fp_flt2i/period10.0_precisionFP32_pipeline1/pwr.run1/reports/fp_flt2i_report_power.report
fp_i2flt,fp,FP16,10.0,4.7,17.4,0.036500000000000005,22.099999999999998,231.542998,177.489,54.053998,20.358001,5.66,0.0,/home/jaeyongjang/project.local/vortex_fpint/third_party/component_database/fp_operation/fp_i2flt/period10.0_precisionFP16_pipeline1/pwr.run1/reports/fp_i2flt_report_power.report
fp_i2flt,fp,FP32,10.0,7.029999999999999,28.099999999999998,0.0505,35.2,323.270998,238.329002,84.941996,28.782001,5.65,0.0,/home/jaeyongjang/project.local/vortex_fpint/third_party/component_database/fp_operation/fp_i2flt/period10.0_precisionFP32_pipeline1/pwr.run1/reports/fp_i2flt_report_power.report
fp_mult,fp,FP16,10.0,24.4,95.5,0.174,120.0,899.144987,636.596999,262.547988,53.352002,9.75,0.0,/home/jaeyongjang/project.local/vortex_fpint/third_party/component_database/fp_operation/examples/fp_mult/p10_formatFP16_stage6/pwr.run1/reports/fp_mult_report_power.report
fp_mult,fp,FP32,10.0,68.2,220.0,0.45999999999999996,289.0,2264.300977,1770.093,494.207977,60.957002,9.7,0.0,/home/jaeyongjang/project.local/vortex_fpint/third_party/component_database/fp_operation/examples/fp_mult/p10_formatFP32_stage6/pwr.run1/reports/fp_mult_report_power.report
fp_addsub,fp,FP16,10.0,12.0,65.1,0.08499999999999999,77.2,502.397991,283.608001,218.78999,29.250001,9.77,0.0,/home/jaeyongjang/project.local/vortex_fpint/third_party/component_database/fp_operation/examples/fp_addsub/p10_formatFP16_stage5/pwr.run1/reports/fp_addsub_report_power.report
fp_addsub,fp,FP32,10.0,24.0,130.0,0.181,154.0,1004.44498,592.604999,411.839981,41.301001,9.76,0.0,/home/jaeyongjang/project.local/vortex_fpint/third_party/component_database/fp_operation/examples/fp_addsub/p10_formatFP32_stage5/pwr.run1/reports/fp_addsub_report_power.report
fp_mac,fp,FP16,10.0,46.6,234.0,0.397,281.0,2037.78898,1320.110998,717.677982,184.392005,6.82,0.0,/home/jaeyongjang/project.local/vortex_fpint/third_party/component_database/fp_operation/examples/fp_mac/p10_formatFP16_stage11/pwr.run1/reports/fp_mac_report_power.report
fp_mac,fp,FP32,10.0,141.0,416.0,0.928,558.0,4714.865912,3808.817954,906.047958,250.731007,9.66,0.0,/home/jaeyongjang/project.local/vortex_fpint/third_party/component_database/fp_operation/examples/fp_mac/p10_formatFP32_stage11/pwr.run1/reports/fp_mac_report_power.report
fp_div,fp,FP16,10.0,42.7,255.00000000000003,0.329,298.0,1799.342962,924.183002,875.15996,59.085002,9.71,0.0,/home/jaeyongjang/project.local/vortex_fpint/third_party/component_database/fp_operation/examples/fp_div/p10_formatFP16_stage20/pwr.run1/reports/fp_div_report_power.report
fp_div,fp,FP32,10.0,159.0,665.0,1.18,826.0,5452.901892,3574.817963,1878.083929,296.127008,5.86,0.0,/home/jaeyongjang/project.local/vortex_fpint/third_party/component_database/fp_operation/examples/fp_div/p10_formatFP32_stage20/pwr.run1/reports/fp_div_report_power.report
fp_exp,fp,FP16,10.0,35.6,416.0,0.566,452.0,2980.92592,1333.565996,1647.359924,80.730003,9.7,0.0,/home/jaeyongjang/project.local/vortex_fpint/third_party/component_database/fp_operation/examples/fp_exp/p10_formatFP16_stage40/pwr.run1/reports/fp_exp_report_power.report
fp_exp,fp,FP32,10.0,83.9,872.0,2.08,958.0,9050.885796,5633.666937,3417.218859,374.985009,6.95,0.0,/home/jaeyongjang/project.local/vortex_fpint/third_party/component_database/fp_operation/examples/fp_exp/p10_formatFP32_stage40/pwr.run1/reports/fp_exp_report_power.report
int_mac_pe,int,INT8/INT32,10.0,9.36,39.1,0.0731,48.5,298.115997,195.273,102.842997,19.656001,6.93,0.0,/home/jaeyongjang/project.local/vortex_fpint/third_party/component_database/int_operation/int_mac_pe/period10.0_precisionINT8_pipeline1_out_precisionINT32/pwr.run1/reports/int_mac_pe_report_power.report
ws_mxu_4x4_INT4xINT4,int,INT4/INT4->INT10,10.0,12.1,56.599999999999994,10.632,79.39999999999999,1119.806977,707.966991,411.839986,42.588001,8.59,0.0,/home/jaeyongjang/project.local/vortex_fpint/third_party/component_database/int_operation/ws_mxu/syn/run/v0/syn_topo.run1/reports/18_mxu.mapped.power.rpt