n,k,m,kind,trace,section,metric,value,unit
256,256,1,fpxint_mxu,fpint_naive_m1_k256_n256,memory_window,busy_cycles_denominator,51785.0,cycles
256,256,1,fpxint_mxu,fpint_naive_m1_k256_n256,memory_window,user_kernel_body_cycles_denominator,44061.0,cycles
256,256,1,fpxint_mxu,fpint_naive_m1_k256_n256,hbm_axi,read_bytes,43136.0,bytes
256,256,1,fpxint_mxu,fpint_naive_m1_k256_n256,hbm_axi,write_bytes,644.0,bytes
256,256,1,fpxint_mxu,fpint_naive_m1_k256_n256,hbm_axi,total_bytes,43780.0,bytes
256,256,1,fpxint_mxu,fpint_naive_m1_k256_n256,hbm_axi,read_req_count,674.0,count
256,256,1,fpxint_mxu,fpint_naive_m1_k256_n256,hbm_axi,read_rsp_count,674.0,count
256,256,1,fpxint_mxu,fpint_naive_m1_k256_n256,hbm_axi,write_addr_count,28.0,count
256,256,1,fpxint_mxu,fpint_naive_m1_k256_n256,hbm_axi,write_data_count,28.0,count
256,256,1,fpxint_mxu,fpint_naive_m1_k256_n256,hbm_axi,write_rsp_count,28.0,count
256,256,1,fpxint_mxu,fpint_naive_m1_k256_n256,hbm_axi,active_cycles,1403.0,cycles
256,256,1,fpxint_mxu,fpint_naive_m1_k256_n256,hbm_axi,active_pct_busy,2.7092787486723955,pct
256,256,1,fpxint_mxu,fpint_naive_m1_k256_n256,hbm_axi,active_pct_user_kernel_body,3.1842218742198316,pct
256,256,1,fpxint_mxu,fpint_naive_m1_k256_n256,hbm_axi,bandwidth_bytes_per_active_cycle,31.20456165359943,B/cycle
256,256,1,fpxint_mxu,fpint_naive_m1_k256_n256,hbm_axi,bandwidth_bytes_per_busy_cycle,0.8454185574973447,B/cycle
256,256,1,fpxint_mxu,fpint_naive_m1_k256_n256,hbm_axi,bandwidth_bytes_per_user_cycle,0.9936224779283266,B/cycle
256,256,1,fpxint_mxu,fpint_naive_m1_k256_n256,hbm_axi,read_latency_count,674.0,count
256,256,1,fpxint_mxu,fpint_naive_m1_k256_n256,hbm_axi,read_latency_mean,3.0281899109792283,cycles
256,256,1,fpxint_mxu,fpint_naive_m1_k256_n256,hbm_axi,read_latency_p50,3.0,cycles
256,256,1,fpxint_mxu,fpint_naive_m1_k256_n256,hbm_axi,read_latency_p90,3.0,cycles
256,256,1,fpxint_mxu,fpint_naive_m1_k256_n256,hbm_axi,read_latency_p99,4.0,cycles
256,256,1,fpxint_mxu,fpint_naive_m1_k256_n256,hbm_axi,read_latency_max,7.0,cycles
256,256,1,fpxint_mxu,fpint_naive_m1_k256_n256,hbm_axi,write_latency_count,28.0,count
256,256,1,fpxint_mxu,fpint_naive_m1_k256_n256,hbm_axi,write_latency_mean,3.0,cycles
256,256,1,fpxint_mxu,fpint_naive_m1_k256_n256,hbm_axi,write_latency_p50,3.0,cycles
256,256,1,fpxint_mxu,fpint_naive_m1_k256_n256,hbm_axi,write_latency_p90,3.0,cycles
256,256,1,fpxint_mxu,fpint_naive_m1_k256_n256,hbm_axi,write_latency_p99,3.0,cycles
256,256,1,fpxint_mxu,fpint_naive_m1_k256_n256,hbm_axi,write_latency_max,3.0,cycles
256,256,1,fpxint_mxu,fpint_naive_m1_k256_n256,hbm_axi,read_req_event_count,674.0,count
256,256,1,fpxint_mxu,fpint_naive_m1_k256_n256,hbm_axi,read_req_mean_interval,65.23031203566121,cycles
256,256,1,fpxint_mxu,fpint_naive_m1_k256_n256,hbm_axi,read_req_p50_interval,26.0,cycles
256,256,1,fpxint_mxu,fpint_naive_m1_k256_n256,hbm_axi,read_req_p90_interval,26.0,cycles
256,256,1,fpxint_mxu,fpint_naive_m1_k256_n256,hbm_axi,read_req_p99_interval,161.67999999999984,cycles
256,256,1,fpxint_mxu,fpint_naive_m1_k256_n256,hbm_axi,read_req_max_interval,14052.0,cycles
256,256,1,fpxint_mxu,fpint_naive_m1_k256_n256,hbm_axi,read_req_max_burst_len,1.0,count
256,256,1,fpxint_mxu,fpint_naive_m1_k256_n256,hbm_axi,read_req_consecutive_interval_pct,0.0,cycles
256,256,1,fpxint_mxu,fpint_naive_m1_k256_n256,hbm_axi,read_rsp_event_count,674.0,count
256,256,1,fpxint_mxu,fpint_naive_m1_k256_n256,hbm_axi,read_rsp_mean_interval,65.23031203566121,cycles
256,256,1,fpxint_mxu,fpint_naive_m1_k256_n256,hbm_axi,read_rsp_p50_interval,26.0,cycles
256,256,1,fpxint_mxu,fpint_naive_m1_k256_n256,hbm_axi,read_rsp_p90_interval,26.0,cycles
256,256,1,fpxint_mxu,fpint_naive_m1_k256_n256,hbm_axi,read_rsp_p99_interval,162.79999999999973,cycles
256,256,1,fpxint_mxu,fpint_naive_m1_k256_n256,hbm_axi,read_rsp_max_interval,14055.0,cycles
256,256,1,fpxint_mxu,fpint_naive_m1_k256_n256,hbm_axi,read_rsp_max_burst_len,1.0,count
256,256,1,fpxint_mxu,fpint_naive_m1_k256_n256,hbm_axi,read_rsp_consecutive_interval_pct,0.0,cycles
256,256,1,fpxint_mxu,fpint_naive_m1_k256_n256,hbm_axi,write_addr_event_count,28.0,count
256,256,1,fpxint_mxu,fpint_naive_m1_k256_n256,hbm_axi,write_addr_mean_interval,1622.5925925925926,cycles
256,256,1,fpxint_mxu,fpint_naive_m1_k256_n256,hbm_axi,write_addr_p50_interval,11.0,cycles
256,256,1,fpxint_mxu,fpint_naive_m1_k256_n256,hbm_axi,write_addr_p90_interval,773.6000000000029,cycles
256,256,1,fpxint_mxu,fpint_naive_m1_k256_n256,hbm_axi,write_addr_p99_interval,22028.73999999999,cycles
256,256,1,fpxint_mxu,fpint_naive_m1_k256_n256,hbm_axi,write_addr_max_interval,23420.0,cycles
256,256,1,fpxint_mxu,fpint_naive_m1_k256_n256,hbm_axi,write_addr_max_burst_len,1.0,count
256,256,1,fpxint_mxu,fpint_naive_m1_k256_n256,hbm_axi,write_addr_consecutive_interval_pct,0.0,cycles
256,256,1,fpxint_mxu,fpint_naive_m1_k256_n256,hbm_axi,write_data_event_count,28.0,count
256,256,1,fpxint_mxu,fpint_naive_m1_k256_n256,hbm_axi,write_data_mean_interval,1622.5925925925926,cycles
256,256,1,fpxint_mxu,fpint_naive_m1_k256_n256,hbm_axi,write_data_p50_interval,11.0,cycles
256,256,1,fpxint_mxu,fpint_naive_m1_k256_n256,hbm_axi,write_data_p90_interval,773.6000000000029,cycles
256,256,1,fpxint_mxu,fpint_naive_m1_k256_n256,hbm_axi,write_data_p99_interval,22028.73999999999,cycles
256,256,1,fpxint_mxu,fpint_naive_m1_k256_n256,hbm_axi,write_data_max_interval,23420.0,cycles
256,256,1,fpxint_mxu,fpint_naive_m1_k256_n256,hbm_axi,write_data_max_burst_len,1.0,count
256,256,1,fpxint_mxu,fpint_naive_m1_k256_n256,hbm_axi,write_data_consecutive_interval_pct,0.0,cycles
256,256,1,fpxint_mxu,fpint_naive_m1_k256_n256,hbm_axi,write_rsp_event_count,28.0,count
256,256,1,fpxint_mxu,fpint_naive_m1_k256_n256,hbm_axi,write_rsp_mean_interval,1622.5925925925926,cycles
256,256,1,fpxint_mxu,fpint_naive_m1_k256_n256,hbm_axi,write_rsp_p50_interval,11.0,cycles
256,256,1,fpxint_mxu,fpint_naive_m1_k256_n256,hbm_axi,write_rsp_p90_interval,773.6000000000029,cycles
256,256,1,fpxint_mxu,fpint_naive_m1_k256_n256,hbm_axi,write_rsp_p99_interval,22028.73999999999,cycles
256,256,1,fpxint_mxu,fpint_naive_m1_k256_n256,hbm_axi,write_rsp_max_interval,23420.0,cycles
256,256,1,fpxint_mxu,fpint_naive_m1_k256_n256,hbm_axi,write_rsp_max_burst_len,1.0,count
256,256,1,fpxint_mxu,fpint_naive_m1_k256_n256,hbm_axi,write_rsp_consecutive_interval_pct,0.0,cycles
256,256,1,fpxint_mxu,fpint_naive_m1_k256_n256,dcache,read_bytes,3568.0,bytes
256,256,1,fpxint_mxu,fpint_naive_m1_k256_n256,dcache,write_bytes,480.0,bytes
256,256,1,fpxint_mxu,fpint_naive_m1_k256_n256,dcache,total_bytes,4048.0,bytes
256,256,1,fpxint_mxu,fpint_naive_m1_k256_n256,dcache,read_req_count,446.0,count
256,256,1,fpxint_mxu,fpint_naive_m1_k256_n256,dcache,write_req_count,60.0,count
256,256,1,fpxint_mxu,fpint_naive_m1_k256_n256,dcache,rsp_count,446.0,count
256,256,1,fpxint_mxu,fpint_naive_m1_k256_n256,dcache,perf_loads_delta,446.0,count
256,256,1,fpxint_mxu,fpint_naive_m1_k256_n256,dcache,perf_stores_delta,60.0,count
256,256,1,fpxint_mxu,fpint_naive_m1_k256_n256,dcache,perf_avg_load_latency,3.883408071748879,cycles
256,256,1,fpxint_mxu,fpint_naive_m1_k256_n256,dcache,active_cycles,951.0,cycles
256,256,1,fpxint_mxu,fpint_naive_m1_k256_n256,dcache,active_pct_busy,1.8364391232982524,pct
256,256,1,fpxint_mxu,fpint_naive_m1_k256_n256,dcache,active_pct_user_kernel_body,2.1583713488118743,pct
256,256,1,fpxint_mxu,fpint_naive_m1_k256_n256,dcache,bandwidth_bytes_per_active_cycle,4.256572029442692,B/cycle
256,256,1,fpxint_mxu,fpint_naive_m1_k256_n256,dcache,bandwidth_bytes_per_busy_cycle,0.078169354060056,B/cycle
256,256,1,fpxint_mxu,fpint_naive_m1_k256_n256,dcache,bandwidth_bytes_per_user_cycle,0.0918726311250312,B/cycle
256,256,1,fpxint_mxu,fpint_naive_m1_k256_n256,dcache,read_latency_count,446.0,count
256,256,1,fpxint_mxu,fpint_naive_m1_k256_n256,dcache,read_latency_mean,4.883408071748879,cycles
256,256,1,fpxint_mxu,fpint_naive_m1_k256_n256,dcache,read_latency_p50,4.0,cycles
256,256,1,fpxint_mxu,fpint_naive_m1_k256_n256,dcache,read_latency_p90,4.0,cycles
256,256,1,fpxint_mxu,fpint_naive_m1_k256_n256,dcache,read_latency_p99,15.750000000000057,cycles
256,256,1,fpxint_mxu,fpint_naive_m1_k256_n256,dcache,read_latency_max,26.0,cycles
256,256,1,fpxint_mxu,fpint_naive_m1_k256_n256,dcache,read_req_event_count,446.0,count
256,256,1,fpxint_mxu,fpint_naive_m1_k256_n256,dcache,read_req_mean_interval,98.04044943820224,cycles
256,256,1,fpxint_mxu,fpint_naive_m1_k256_n256,dcache,read_req_p50_interval,100.0,cycles
256,256,1,fpxint_mxu,fpint_naive_m1_k256_n256,dcache,read_req_p90_interval,100.0,cycles
256,256,1,fpxint_mxu,fpint_naive_m1_k256_n256,dcache,read_req_p99_interval,111.20000000000005,cycles
256,256,1,fpxint_mxu,fpint_naive_m1_k256_n256,dcache,read_req_max_interval,1200.0,cycles
256,256,1,fpxint_mxu,fpint_naive_m1_k256_n256,dcache,read_req_max_burst_len,1.0,count
256,256,1,fpxint_mxu,fpint_naive_m1_k256_n256,dcache,read_req_consecutive_interval_pct,0.0,cycles
256,256,1,fpxint_mxu,fpint_naive_m1_k256_n256,dcache,write_req_event_count,60.0,count
256,256,1,fpxint_mxu,fpint_naive_m1_k256_n256,dcache,write_req_mean_interval,742.542372881356,cycles
256,256,1,fpxint_mxu,fpint_naive_m1_k256_n256,dcache,write_req_p50_interval,8.0,cycles
256,256,1,fpxint_mxu,fpint_naive_m1_k256_n256,dcache,write_req_p90_interval,53.20000000000013,cycles
256,256,1,fpxint_mxu,fpint_naive_m1_k256_n256,dcache,write_req_p99_interval,18045.98000000007,cycles
256,256,1,fpxint_mxu,fpint_naive_m1_k256_n256,dcache,write_req_max_interval,40764.0,cycles
256,256,1,fpxint_mxu,fpint_naive_m1_k256_n256,dcache,write_req_max_burst_len,2.0,count
256,256,1,fpxint_mxu,fpint_naive_m1_k256_n256,dcache,write_req_consecutive_interval_pct,1.694915254237288,cycles
256,256,1,fpxint_mxu,fpint_naive_m1_k256_n256,dcache,rsp_event_count,446.0,count
256,256,1,fpxint_mxu,fpint_naive_m1_k256_n256,dcache,rsp_mean_interval,98.01573033707865,cycles
256,256,1,fpxint_mxu,fpint_naive_m1_k256_n256,dcache,rsp_p50_interval,100.0,cycles
256,256,1,fpxint_mxu,fpint_naive_m1_k256_n256,dcache,rsp_p90_interval,100.0,cycles
256,256,1,fpxint_mxu,fpint_naive_m1_k256_n256,dcache,rsp_p99_interval,111.20000000000005,cycles
256,256,1,fpxint_mxu,fpint_naive_m1_k256_n256,dcache,rsp_max_interval,1191.0,cycles
256,256,1,fpxint_mxu,fpint_naive_m1_k256_n256,dcache,rsp_max_burst_len,2.0,count
256,256,1,fpxint_mxu,fpint_naive_m1_k256_n256,dcache,rsp_consecutive_interval_pct,0.2247191011235955,cycles
256,256,1,fpxint_mxu,fpint_naive_m1_k256_n256,lmem,read_bytes,45568.0,bytes
256,256,1,fpxint_mxu,fpint_naive_m1_k256_n256,lmem,write_bytes,42496.0,bytes
256,256,1,fpxint_mxu,fpint_naive_m1_k256_n256,lmem,total_bytes,88064.0,bytes
256,256,1,fpxint_mxu,fpint_naive_m1_k256_n256,lmem,read_req_count,5696.0,count
256,256,1,fpxint_mxu,fpint_naive_m1_k256_n256,lmem,write_req_count,5312.0,count
256,256,1,fpxint_mxu,fpint_naive_m1_k256_n256,lmem,rsp_count,5696.0,count
256,256,1,fpxint_mxu,fpint_naive_m1_k256_n256,lmem,perf_reads_delta,5696.0,count
256,256,1,fpxint_mxu,fpint_naive_m1_k256_n256,lmem,perf_writes_delta,5312.0,count
256,256,1,fpxint_mxu,fpint_naive_m1_k256_n256,lmem,perf_crsp_stalls_delta,0.0,cycles
256,256,1,fpxint_mxu,fpint_naive_m1_k256_n256,lmem,active_cycles,9179.0,cycles
256,256,1,fpxint_mxu,fpint_naive_m1_k256_n256,lmem,active_pct_busy,17.725210002896592,pct
256,256,1,fpxint_mxu,fpint_naive_m1_k256_n256,lmem,active_pct_user_kernel_body,20.832482240530172,pct
256,256,1,fpxint_mxu,fpint_naive_m1_k256_n256,lmem,bandwidth_bytes_per_active_cycle,9.594073428478048,B/cycle
256,256,1,fpxint_mxu,fpint_naive_m1_k256_n256,lmem,bandwidth_bytes_per_busy_cycle,1.7005696630298348,B/cycle
256,256,1,fpxint_mxu,fpint_naive_m1_k256_n256,lmem,bandwidth_bytes_per_user_cycle,1.9986836431311137,B/cycle
256,256,1,fpxint_mxu,fpint_naive_m1_k256_n256,lmem,read_latency_count,5696.0,count
256,256,1,fpxint_mxu,fpint_naive_m1_k256_n256,lmem,read_latency_mean,3.0,cycles
256,256,1,fpxint_mxu,fpint_naive_m1_k256_n256,lmem,read_latency_p50,3.0,cycles
256,256,1,fpxint_mxu,fpint_naive_m1_k256_n256,lmem,read_latency_p90,3.0,cycles
256,256,1,fpxint_mxu,fpint_naive_m1_k256_n256,lmem,read_latency_p99,3.0,cycles
256,256,1,fpxint_mxu,fpint_naive_m1_k256_n256,lmem,read_latency_max,3.0,cycles
256,256,1,fpxint_mxu,fpint_naive_m1_k256_n256,lmem,read_req_event_count,4296.0,count
256,256,1,fpxint_mxu,fpint_naive_m1_k256_n256,lmem,read_req_mean_interval,8.430733410942956,cycles
256,256,1,fpxint_mxu,fpint_naive_m1_k256_n256,lmem,read_req_p50_interval,3.0,cycles
256,256,1,fpxint_mxu,fpint_naive_m1_k256_n256,lmem,read_req_p90_interval,16.0,cycles
256,256,1,fpxint_mxu,fpint_naive_m1_k256_n256,lmem,read_req_p99_interval,28.0,cycles
256,256,1,fpxint_mxu,fpint_naive_m1_k256_n256,lmem,read_req_max_interval,117.0,cycles
256,256,1,fpxint_mxu,fpint_naive_m1_k256_n256,lmem,read_req_max_burst_len,3.0,count
256,256,1,fpxint_mxu,fpint_naive_m1_k256_n256,lmem,read_req_consecutive_interval_pct,48.9871944121071,cycles
256,256,1,fpxint_mxu,fpint_naive_m1_k256_n256,lmem,write_req_event_count,664.0,count
256,256,1,fpxint_mxu,fpint_naive_m1_k256_n256,lmem,write_req_mean_interval,60.98491704374057,cycles
256,256,1,fpxint_mxu,fpint_naive_m1_k256_n256,lmem,write_req_p50_interval,26.0,cycles
256,256,1,fpxint_mxu,fpint_naive_m1_k256_n256,lmem,write_req_p90_interval,26.0,cycles
256,256,1,fpxint_mxu,fpint_naive_m1_k256_n256,lmem,write_req_p99_interval,49.0,cycles
256,256,1,fpxint_mxu,fpint_naive_m1_k256_n256,lmem,write_req_max_interval,13759.0,cycles
256,256,1,fpxint_mxu,fpint_naive_m1_k256_n256,lmem,write_req_max_burst_len,1.0,count
256,256,1,fpxint_mxu,fpint_naive_m1_k256_n256,lmem,write_req_consecutive_interval_pct,0.0,cycles
256,256,1,fpxint_mxu,fpint_naive_m1_k256_n256,lmem,rsp_event_count,4296.0,count
256,256,1,fpxint_mxu,fpint_naive_m1_k256_n256,lmem,rsp_mean_interval,8.430733410942956,cycles
256,256,1,fpxint_mxu,fpint_naive_m1_k256_n256,lmem,rsp_p50_interval,3.0,cycles
256,256,1,fpxint_mxu,fpint_naive_m1_k256_n256,lmem,rsp_p90_interval,16.0,cycles
256,256,1,fpxint_mxu,fpint_naive_m1_k256_n256,lmem,rsp_p99_interval,28.0,cycles
256,256,1,fpxint_mxu,fpint_naive_m1_k256_n256,lmem,rsp_max_interval,117.0,cycles
256,256,1,fpxint_mxu,fpint_naive_m1_k256_n256,lmem,rsp_max_burst_len,3.0,count
256,256,1,fpxint_mxu,fpint_naive_m1_k256_n256,lmem,rsp_consecutive_interval_pct,48.9871944121071,cycles
256,256,1,fpxint_mxu,fpint_naive_m1_k256_n256,l1_icache,cache_enabled,1.0,bool
256,256,1,fpxint_mxu,fpint_naive_m1_k256_n256,l1_icache,hit_rate_available,1.0,bool
256,256,1,fpxint_mxu,fpint_naive_m1_k256_n256,l1_icache,read_count,3574.0,count
256,256,1,fpxint_mxu,fpint_naive_m1_k256_n256,l1_icache,write_count,0.0,count
256,256,1,fpxint_mxu,fpint_naive_m1_k256_n256,l1_icache,total_access_count,3574.0,count
256,256,1,fpxint_mxu,fpint_naive_m1_k256_n256,l1_icache,read_miss_count,22.0,count
256,256,1,fpxint_mxu,fpint_naive_m1_k256_n256,l1_icache,write_miss_count,0.0,count
256,256,1,fpxint_mxu,fpint_naive_m1_k256_n256,l1_icache,total_miss_count,22.0,count
256,256,1,fpxint_mxu,fpint_naive_m1_k256_n256,l1_icache,read_hit_count,3552.0,count
256,256,1,fpxint_mxu,fpint_naive_m1_k256_n256,l1_icache,write_hit_count,0.0,count
256,256,1,fpxint_mxu,fpint_naive_m1_k256_n256,l1_icache,total_hit_count,3552.0,count
256,256,1,fpxint_mxu,fpint_naive_m1_k256_n256,l1_icache,read_hit_rate_pct,99.38444320089536,pct
256,256,1,fpxint_mxu,fpint_naive_m1_k256_n256,l1_icache,write_hit_rate_pct,0.0,pct
256,256,1,fpxint_mxu,fpint_naive_m1_k256_n256,l1_icache,overall_hit_rate_pct,99.38444320089536,pct
256,256,1,fpxint_mxu,fpint_naive_m1_k256_n256,l1_icache,read_miss_rate_pct,0.6155567991046447,pct
256,256,1,fpxint_mxu,fpint_naive_m1_k256_n256,l1_icache,write_miss_rate_pct,0.0,pct
256,256,1,fpxint_mxu,fpint_naive_m1_k256_n256,l1_icache,overall_miss_rate_pct,0.6155567991046447,pct
256,256,1,fpxint_mxu,fpint_naive_m1_k256_n256,l1_icache,mshr_stalls_delta,0.0,cycles
256,256,1,fpxint_mxu,fpint_naive_m1_k256_n256,l1_icache,mem_stalls_delta,0.0,cycles
256,256,1,fpxint_mxu,fpint_naive_m1_k256_n256,l1_icache,crsp_stalls_delta,47.0,cycles
256,256,1,fpxint_mxu,fpint_naive_m1_k256_n256,l1_dcache,cache_enabled,0.0,bool
256,256,1,fpxint_mxu,fpint_naive_m1_k256_n256,l1_dcache,hit_rate_available,0.0,bool
256,256,1,fpxint_mxu,fpint_naive_m1_k256_n256,l1_dcache,read_count,0.0,count
256,256,1,fpxint_mxu,fpint_naive_m1_k256_n256,l1_dcache,write_count,0.0,count
256,256,1,fpxint_mxu,fpint_naive_m1_k256_n256,l1_dcache,total_access_count,0.0,count
256,256,1,fpxint_mxu,fpint_naive_m1_k256_n256,l1_dcache,read_miss_count,0.0,count
256,256,1,fpxint_mxu,fpint_naive_m1_k256_n256,l1_dcache,write_miss_count,0.0,count
256,256,1,fpxint_mxu,fpint_naive_m1_k256_n256,l1_dcache,total_miss_count,0.0,count
256,256,1,fpxint_mxu,fpint_naive_m1_k256_n256,l1_dcache,read_hit_count,0.0,count
256,256,1,fpxint_mxu,fpint_naive_m1_k256_n256,l1_dcache,write_hit_count,0.0,count
256,256,1,fpxint_mxu,fpint_naive_m1_k256_n256,l1_dcache,total_hit_count,0.0,count
256,256,1,fpxint_mxu,fpint_naive_m1_k256_n256,l1_dcache,read_hit_rate_pct,0.0,pct
256,256,1,fpxint_mxu,fpint_naive_m1_k256_n256,l1_dcache,write_hit_rate_pct,0.0,pct
256,256,1,fpxint_mxu,fpint_naive_m1_k256_n256,l1_dcache,overall_hit_rate_pct,0.0,pct
256,256,1,fpxint_mxu,fpint_naive_m1_k256_n256,l1_dcache,read_miss_rate_pct,0.0,pct
256,256,1,fpxint_mxu,fpint_naive_m1_k256_n256,l1_dcache,write_miss_rate_pct,0.0,pct
256,256,1,fpxint_mxu,fpint_naive_m1_k256_n256,l1_dcache,overall_miss_rate_pct,0.0,pct
256,256,1,fpxint_mxu,fpint_naive_m1_k256_n256,l1_dcache,mshr_stalls_delta,0.0,cycles
256,256,1,fpxint_mxu,fpint_naive_m1_k256_n256,l1_dcache,mem_stalls_delta,0.0,cycles
256,256,1,fpxint_mxu,fpint_naive_m1_k256_n256,l1_dcache,crsp_stalls_delta,0.0,cycles
256,256,1,fpxint_mxu,fpint_naive_m1_k256_n256,l2cache,cache_enabled,1.0,bool
256,256,1,fpxint_mxu,fpint_naive_m1_k256_n256,l2cache,hit_rate_available,1.0,bool
256,256,1,fpxint_mxu,fpint_naive_m1_k256_n256,l2cache,read_count,716.0,count
256,256,1,fpxint_mxu,fpint_naive_m1_k256_n256,l2cache,write_count,28.0,count
256,256,1,fpxint_mxu,fpint_naive_m1_k256_n256,l2cache,total_access_count,744.0,count
256,256,1,fpxint_mxu,fpint_naive_m1_k256_n256,l2cache,read_miss_count,675.0,count
256,256,1,fpxint_mxu,fpint_naive_m1_k256_n256,l2cache,write_miss_count,19.0,count
256,256,1,fpxint_mxu,fpint_naive_m1_k256_n256,l2cache,total_miss_count,694.0,count
256,256,1,fpxint_mxu,fpint_naive_m1_k256_n256,l2cache,read_hit_count,41.0,count
256,256,1,fpxint_mxu,fpint_naive_m1_k256_n256,l2cache,write_hit_count,9.0,count
256,256,1,fpxint_mxu,fpint_naive_m1_k256_n256,l2cache,total_hit_count,50.0,count
256,256,1,fpxint_mxu,fpint_naive_m1_k256_n256,l2cache,read_hit_rate_pct,5.726256983240224,pct
256,256,1,fpxint_mxu,fpint_naive_m1_k256_n256,l2cache,write_hit_rate_pct,32.142857142857146,pct
256,256,1,fpxint_mxu,fpint_naive_m1_k256_n256,l2cache,overall_hit_rate_pct,6.720430107526882,pct
256,256,1,fpxint_mxu,fpint_naive_m1_k256_n256,l2cache,read_miss_rate_pct,94.27374301675978,pct
256,256,1,fpxint_mxu,fpint_naive_m1_k256_n256,l2cache,write_miss_rate_pct,67.85714285714286,pct
256,256,1,fpxint_mxu,fpint_naive_m1_k256_n256,l2cache,overall_miss_rate_pct,93.27956989247312,pct
256,256,1,fpxint_mxu,fpint_naive_m1_k256_n256,l2cache,mshr_stalls_delta,0.0,cycles
256,256,1,fpxint_mxu,fpint_naive_m1_k256_n256,l2cache,mem_stalls_delta,0.0,cycles
256,256,1,fpxint_mxu,fpint_naive_m1_k256_n256,l2cache,crsp_stalls_delta,0.0,cycles
128,128,256,fpxint_mxu,fpint_naive_m256_k128_n128,memory_window,busy_cycles_denominator,105799.0,cycles
128,128,256,fpxint_mxu,fpint_naive_m256_k128_n128,memory_window,user_kernel_body_cycles_denominator,98069.0,cycles
128,128,256,fpxint_mxu,fpint_naive_m256_k128_n128,hbm_axi,read_bytes,77440.0,bytes
128,128,256,fpxint_mxu,fpint_naive_m256_k128_n128,hbm_axi,write_bytes,65668.0,bytes
128,128,256,fpxint_mxu,fpint_naive_m256_k128_n128,hbm_axi,total_bytes,143108.0,bytes
128,128,256,fpxint_mxu,fpint_naive_m256_k128_n128,hbm_axi,read_req_count,1210.0,count
128,128,256,fpxint_mxu,fpint_naive_m256_k128_n128,hbm_axi,read_rsp_count,1210.0,count
128,128,256,fpxint_mxu,fpint_naive_m256_k128_n128,hbm_axi,write_addr_count,1044.0,count
128,128,256,fpxint_mxu,fpint_naive_m256_k128_n128,hbm_axi,write_data_count,1044.0,count
128,128,256,fpxint_mxu,fpint_naive_m256_k128_n128,hbm_axi,write_rsp_count,1044.0,count
128,128,256,fpxint_mxu,fpint_naive_m256_k128_n128,hbm_axi,active_cycles,4508.0,cycles
128,128,256,fpxint_mxu,fpint_naive_m256_k128_n128,hbm_axi,active_pct_busy,4.260909838467282,pct
128,128,256,fpxint_mxu,fpint_naive_m256_k128_n128,hbm_axi,active_pct_user_kernel_body,4.596763503247713,pct
128,128,256,fpxint_mxu,fpint_naive_m256_k128_n128,hbm_axi,bandwidth_bytes_per_active_cycle,31.74534161490683,B/cycle
128,128,256,fpxint_mxu,fpint_naive_m256_k128_n128,hbm_axi,bandwidth_bytes_per_busy_cycle,1.3526403841246137,B/cycle
128,128,256,fpxint_mxu,fpint_naive_m256_k128_n128,hbm_axi,bandwidth_bytes_per_user_cycle,1.4592582773353455,B/cycle
128,128,256,fpxint_mxu,fpint_naive_m256_k128_n128,hbm_axi,read_latency_count,1210.0,count
128,128,256,fpxint_mxu,fpint_naive_m256_k128_n128,hbm_axi,read_latency_mean,3.018181818181818,cycles
128,128,256,fpxint_mxu,fpint_naive_m256_k128_n128,hbm_axi,read_latency_p50,3.0,cycles
128,128,256,fpxint_mxu,fpint_naive_m256_k128_n128,hbm_axi,read_latency_p90,3.0,cycles
128,128,256,fpxint_mxu,fpint_naive_m256_k128_n128,hbm_axi,read_latency_p99,3.0,cycles
128,128,256,fpxint_mxu,fpint_naive_m256_k128_n128,hbm_axi,read_latency_max,9.0,cycles
128,128,256,fpxint_mxu,fpint_naive_m256_k128_n128,hbm_axi,write_latency_count,1044.0,count
128,128,256,fpxint_mxu,fpint_naive_m256_k128_n128,hbm_axi,write_latency_mean,3.0,cycles
128,128,256,fpxint_mxu,fpint_naive_m256_k128_n128,hbm_axi,write_latency_p50,3.0,cycles
128,128,256,fpxint_mxu,fpint_naive_m256_k128_n128,hbm_axi,write_latency_p90,3.0,cycles
128,128,256,fpxint_mxu,fpint_naive_m256_k128_n128,hbm_axi,write_latency_p99,3.0,cycles
128,128,256,fpxint_mxu,fpint_naive_m256_k128_n128,hbm_axi,write_latency_max,3.0,cycles
128,128,256,fpxint_mxu,fpint_naive_m256_k128_n128,hbm_axi,read_req_event_count,1210.0,count
128,128,256,fpxint_mxu,fpint_naive_m256_k128_n128,hbm_axi,read_req_mean_interval,80.98263027295286,cycles
128,128,256,fpxint_mxu,fpint_naive_m256_k128_n128,hbm_axi,read_req_p50_interval,24.0,cycles
128,128,256,fpxint_mxu,fpint_naive_m256_k128_n128,hbm_axi,read_req_p90_interval,26.0,cycles
128,128,256,fpxint_mxu,fpint_naive_m256_k128_n128,hbm_axi,read_req_p99_interval,139.76000000000022,cycles
128,128,256,fpxint_mxu,fpint_naive_m256_k128_n128,hbm_axi,read_req_max_interval,65445.0,cycles
128,128,256,fpxint_mxu,fpint_naive_m256_k128_n128,hbm_axi,read_req_max_burst_len,1.0,count
128,128,256,fpxint_mxu,fpint_naive_m256_k128_n128,hbm_axi,read_req_consecutive_interval_pct,0.0,cycles
128,128,256,fpxint_mxu,fpint_naive_m256_k128_n128,hbm_axi,read_rsp_event_count,1210.0,count
128,128,256,fpxint_mxu,fpint_naive_m256_k128_n128,hbm_axi,read_rsp_mean_interval,80.98263027295286,cycles
128,128,256,fpxint_mxu,fpint_naive_m256_k128_n128,hbm_axi,read_rsp_p50_interval,24.0,cycles
128,128,256,fpxint_mxu,fpint_naive_m256_k128_n128,hbm_axi,read_rsp_p90_interval,26.0,cycles
128,128,256,fpxint_mxu,fpint_naive_m256_k128_n128,hbm_axi,read_rsp_p99_interval,139.76000000000022,cycles
128,128,256,fpxint_mxu,fpint_naive_m256_k128_n128,hbm_axi,read_rsp_max_interval,65451.0,cycles
128,128,256,fpxint_mxu,fpint_naive_m256_k128_n128,hbm_axi,read_rsp_max_burst_len,1.0,count
128,128,256,fpxint_mxu,fpint_naive_m256_k128_n128,hbm_axi,read_rsp_consecutive_interval_pct,0.0,cycles
128,128,256,fpxint_mxu,fpint_naive_m256_k128_n128,hbm_axi,write_addr_event_count,1044.0,count
128,128,256,fpxint_mxu,fpint_naive_m256_k128_n128,hbm_axi,write_addr_mean_interval,93.78427612655801,cycles
128,128,256,fpxint_mxu,fpint_naive_m256_k128_n128,hbm_axi,write_addr_p50_interval,11.0,cycles
128,128,256,fpxint_mxu,fpint_naive_m256_k128_n128,hbm_axi,write_addr_p90_interval,13.0,cycles
128,128,256,fpxint_mxu,fpint_naive_m256_k128_n128,hbm_axi,write_addr_p99_interval,13.0,cycles
128,128,256,fpxint_mxu,fpint_naive_m256_k128_n128,hbm_axi,write_addr_max_interval,53703.0,cycles
128,128,256,fpxint_mxu,fpint_naive_m256_k128_n128,hbm_axi,write_addr_max_burst_len,1.0,count
128,128,256,fpxint_mxu,fpint_naive_m256_k128_n128,hbm_axi,write_addr_consecutive_interval_pct,0.0,cycles
128,128,256,fpxint_mxu,fpint_naive_m256_k128_n128,hbm_axi,write_data_event_count,1044.0,count
128,128,256,fpxint_mxu,fpint_naive_m256_k128_n128,hbm_axi,write_data_mean_interval,93.78427612655801,cycles
128,128,256,fpxint_mxu,fpint_naive_m256_k128_n128,hbm_axi,write_data_p50_interval,11.0,cycles
128,128,256,fpxint_mxu,fpint_naive_m256_k128_n128,hbm_axi,write_data_p90_interval,13.0,cycles
128,128,256,fpxint_mxu,fpint_naive_m256_k128_n128,hbm_axi,write_data_p99_interval,13.0,cycles
128,128,256,fpxint_mxu,fpint_naive_m256_k128_n128,hbm_axi,write_data_max_interval,53703.0,cycles
128,128,256,fpxint_mxu,fpint_naive_m256_k128_n128,hbm_axi,write_data_max_burst_len,1.0,count
128,128,256,fpxint_mxu,fpint_naive_m256_k128_n128,hbm_axi,write_data_consecutive_interval_pct,0.0,cycles
128,128,256,fpxint_mxu,fpint_naive_m256_k128_n128,hbm_axi,write_rsp_event_count,1044.0,count
128,128,256,fpxint_mxu,fpint_naive_m256_k128_n128,hbm_axi,write_rsp_mean_interval,93.78427612655801,cycles
128,128,256,fpxint_mxu,fpint_naive_m256_k128_n128,hbm_axi,write_rsp_p50_interval,11.0,cycles
128,128,256,fpxint_mxu,fpint_naive_m256_k128_n128,hbm_axi,write_rsp_p90_interval,13.0,cycles
128,128,256,fpxint_mxu,fpint_naive_m256_k128_n128,hbm_axi,write_rsp_p99_interval,13.0,cycles
128,128,256,fpxint_mxu,fpint_naive_m256_k128_n128,hbm_axi,write_rsp_max_interval,53703.0,cycles
128,128,256,fpxint_mxu,fpint_naive_m256_k128_n128,hbm_axi,write_rsp_max_burst_len,1.0,count
128,128,256,fpxint_mxu,fpint_naive_m256_k128_n128,hbm_axi,write_rsp_consecutive_interval_pct,0.0,cycles
128,128,256,fpxint_mxu,fpint_naive_m256_k128_n128,dcache,read_bytes,7888.0,bytes
128,128,256,fpxint_mxu,fpint_naive_m256_k128_n128,dcache,write_bytes,480.0,bytes
128,128,256,fpxint_mxu,fpint_naive_m256_k128_n128,dcache,total_bytes,8368.0,bytes
128,128,256,fpxint_mxu,fpint_naive_m256_k128_n128,dcache,read_req_count,986.0,count
128,128,256,fpxint_mxu,fpint_naive_m256_k128_n128,dcache,write_req_count,60.0,count
128,128,256,fpxint_mxu,fpint_naive_m256_k128_n128,dcache,rsp_count,986.0,count
128,128,256,fpxint_mxu,fpint_naive_m256_k128_n128,dcache,perf_loads_delta,986.0,count
128,128,256,fpxint_mxu,fpint_naive_m256_k128_n128,dcache,perf_stores_delta,60.0,count
128,128,256,fpxint_mxu,fpint_naive_m256_k128_n128,dcache,perf_avg_load_latency,3.396551724137931,cycles
128,128,256,fpxint_mxu,fpint_naive_m256_k128_n128,dcache,active_cycles,2031.0,cycles
128,128,256,fpxint_mxu,fpint_naive_m256_k128_n128,dcache,active_pct_busy,1.9196778797531167,pct
128,128,256,fpxint_mxu,fpint_naive_m256_k128_n128,dcache,active_pct_user_kernel_body,2.0709908329849394,pct
128,128,256,fpxint_mxu,fpint_naive_m256_k128_n128,dcache,bandwidth_bytes_per_active_cycle,4.120137863121615,B/cycle
128,128,256,fpxint_mxu,fpint_naive_m256_k128_n128,dcache,bandwidth_bytes_per_busy_cycle,0.07909337517367838,B/cycle
128,128,256,fpxint_mxu,fpint_naive_m256_k128_n128,dcache,bandwidth_bytes_per_user_cycle,0.0853276774515902,B/cycle
128,128,256,fpxint_mxu,fpint_naive_m256_k128_n128,dcache,read_latency_count,986.0,count
128,128,256,fpxint_mxu,fpint_naive_m256_k128_n128,dcache,read_latency_mean,4.396551724137931,cycles
128,128,256,fpxint_mxu,fpint_naive_m256_k128_n128,dcache,read_latency_p50,4.0,cycles
128,128,256,fpxint_mxu,fpint_naive_m256_k128_n128,dcache,read_latency_p90,4.0,cycles
128,128,256,fpxint_mxu,fpint_naive_m256_k128_n128,dcache,read_latency_p99,13.0,cycles
128,128,256,fpxint_mxu,fpint_naive_m256_k128_n128,dcache,read_latency_max,24.0,cycles
128,128,256,fpxint_mxu,fpint_naive_m256_k128_n128,dcache,read_req_event_count,986.0,count
128,128,256,fpxint_mxu,fpint_naive_m256_k128_n128,dcache,read_req_mean_interval,99.11979695431472,cycles
128,128,256,fpxint_mxu,fpint_naive_m256_k128_n128,dcache,read_req_p50_interval,100.0,cycles
128,128,256,fpxint_mxu,fpint_naive_m256_k128_n128,dcache,read_req_p90_interval,100.0,cycles
128,128,256,fpxint_mxu,fpint_naive_m256_k128_n128,dcache,read_req_p99_interval,100.0,cycles
128,128,256,fpxint_mxu,fpint_naive_m256_k128_n128,dcache,read_req_max_interval,1198.0,cycles
128,128,256,fpxint_mxu,fpint_naive_m256_k128_n128,dcache,read_req_max_burst_len,1.0,count
128,128,256,fpxint_mxu,fpint_naive_m256_k128_n128,dcache,read_req_consecutive_interval_pct,0.0,cycles
128,128,256,fpxint_mxu,fpint_naive_m256_k128_n128,dcache,write_req_event_count,60.0,count
128,128,256,fpxint_mxu,fpint_naive_m256_k128_n128,dcache,write_req_mean_interval,1657.915254237288,cycles
128,128,256,fpxint_mxu,fpint_naive_m256_k128_n128,dcache,write_req_p50_interval,8.0,cycles
128,128,256,fpxint_mxu,fpint_naive_m256_k128_n128,dcache,write_req_p90_interval,53.20000000000013,cycles
128,128,256,fpxint_mxu,fpint_naive_m256_k128_n128,dcache,write_req_p99_interval,40729.40000000016,cycles
128,128,256,fpxint_mxu,fpint_naive_m256_k128_n128,dcache,write_req_max_interval,94768.0,cycles
128,128,256,fpxint_mxu,fpint_naive_m256_k128_n128,dcache,write_req_max_burst_len,2.0,count
128,128,256,fpxint_mxu,fpint_naive_m256_k128_n128,dcache,write_req_consecutive_interval_pct,1.694915254237288,cycles
128,128,256,fpxint_mxu,fpint_naive_m256_k128_n128,dcache,rsp_event_count,986.0,count
128,128,256,fpxint_mxu,fpint_naive_m256_k128_n128,dcache,rsp_mean_interval,99.10862944162436,cycles
128,128,256,fpxint_mxu,fpint_naive_m256_k128_n128,dcache,rsp_p50_interval,100.0,cycles
128,128,256,fpxint_mxu,fpint_naive_m256_k128_n128,dcache,rsp_p90_interval,100.0,cycles
128,128,256,fpxint_mxu,fpint_naive_m256_k128_n128,dcache,rsp_p99_interval,100.0,cycles
128,128,256,fpxint_mxu,fpint_naive_m256_k128_n128,dcache,rsp_max_interval,1189.0,cycles
128,128,256,fpxint_mxu,fpint_naive_m256_k128_n128,dcache,rsp_max_burst_len,2.0,count
128,128,256,fpxint_mxu,fpint_naive_m256_k128_n128,dcache,rsp_consecutive_interval_pct,0.10152284263959391,cycles
128,128,256,fpxint_mxu,fpint_naive_m256_k128_n128,lmem,read_bytes,348160.0,bytes
128,128,256,fpxint_mxu,fpint_naive_m256_k128_n128,lmem,write_bytes,151552.0,bytes
128,128,256,fpxint_mxu,fpint_naive_m256_k128_n128,lmem,total_bytes,499712.0,bytes
128,128,256,fpxint_mxu,fpint_naive_m256_k128_n128,lmem,read_req_count,43520.0,count
128,128,256,fpxint_mxu,fpint_naive_m256_k128_n128,lmem,write_req_count,18944.0,count
128,128,256,fpxint_mxu,fpint_naive_m256_k128_n128,lmem,rsp_count,43520.0,count
128,128,256,fpxint_mxu,fpint_naive_m256_k128_n128,lmem,perf_reads_delta,43520.0,count
128,128,256,fpxint_mxu,fpint_naive_m256_k128_n128,lmem,perf_writes_delta,18944.0,count
128,128,256,fpxint_mxu,fpint_naive_m256_k128_n128,lmem,perf_crsp_stalls_delta,0.0,cycles
128,128,256,fpxint_mxu,fpint_naive_m256_k128_n128,lmem,active_cycles,16411.0,cycles
128,128,256,fpxint_mxu,fpint_naive_m256_k128_n128,lmem,active_pct_busy,15.511488766434466,pct
128,128,256,fpxint_mxu,fpint_naive_m256_k128_n128,lmem,active_pct_user_kernel_body,16.734136169431725,pct
128,128,256,fpxint_mxu,fpint_naive_m256_k128_n128,lmem,bandwidth_bytes_per_active_cycle,30.44982024252026,B/cycle
128,128,256,fpxint_mxu,fpint_naive_m256_k128_n128,lmem,bandwidth_bytes_per_busy_cycle,4.7232204463180185,B/cycle
128,128,256,fpxint_mxu,fpint_naive_m256_k128_n128,lmem,bandwidth_bytes_per_user_cycle,5.095514382730526,B/cycle
128,128,256,fpxint_mxu,fpint_naive_m256_k128_n128,lmem,read_latency_count,43520.0,count
128,128,256,fpxint_mxu,fpint_naive_m256_k128_n128,lmem,read_latency_mean,3.0,cycles
128,128,256,fpxint_mxu,fpint_naive_m256_k128_n128,lmem,read_latency_p50,3.0,cycles
128,128,256,fpxint_mxu,fpint_naive_m256_k128_n128,lmem,read_latency_p90,3.0,cycles
128,128,256,fpxint_mxu,fpint_naive_m256_k128_n128,lmem,read_latency_p99,3.0,cycles
128,128,256,fpxint_mxu,fpint_naive_m256_k128_n128,lmem,read_latency_max,3.0,cycles
128,128,256,fpxint_mxu,fpint_naive_m256_k128_n128,lmem,read_req_event_count,7232.0,count
128,128,256,fpxint_mxu,fpint_naive_m256_k128_n128,lmem,read_req_mean_interval,10.755358871525377,cycles
128,128,256,fpxint_mxu,fpint_naive_m256_k128_n128,lmem,read_req_p50_interval,11.0,cycles
128,128,256,fpxint_mxu,fpint_naive_m256_k128_n128,lmem,read_req_p90_interval,15.0,cycles
128,128,256,fpxint_mxu,fpint_naive_m256_k128_n128,lmem,read_req_p99_interval,16.0,cycles
128,128,256,fpxint_mxu,fpint_naive_m256_k128_n128,lmem,read_req_max_interval,3673.0,cycles
128,128,256,fpxint_mxu,fpint_naive_m256_k128_n128,lmem,read_req_max_burst_len,4.0,count
128,128,256,fpxint_mxu,fpint_naive_m256_k128_n128,lmem,read_req_consecutive_interval_pct,18.78025169409487,cycles
128,128,256,fpxint_mxu,fpint_naive_m256_k128_n128,lmem,write_req_event_count,2368.0,count
128,128,256,fpxint_mxu,fpint_naive_m256_k128_n128,lmem,write_req_mean_interval,37.42881284326151,cycles
128,128,256,fpxint_mxu,fpint_naive_m256_k128_n128,lmem,write_req_p50_interval,24.0,cycles
128,128,256,fpxint_mxu,fpint_naive_m256_k128_n128,lmem,write_req_p90_interval,26.0,cycles
128,128,256,fpxint_mxu,fpint_naive_m256_k128_n128,lmem,write_req_p99_interval,26.0,cycles
128,128,256,fpxint_mxu,fpint_naive_m256_k128_n128,lmem,write_req_max_interval,32399.0,cycles
128,128,256,fpxint_mxu,fpint_naive_m256_k128_n128,lmem,write_req_max_burst_len,1.0,count
128,128,256,fpxint_mxu,fpint_naive_m256_k128_n128,lmem,write_req_consecutive_interval_pct,0.0,cycles
128,128,256,fpxint_mxu,fpint_naive_m256_k128_n128,lmem,rsp_event_count,7232.0,count
128,128,256,fpxint_mxu,fpint_naive_m256_k128_n128,lmem,rsp_mean_interval,10.755358871525377,cycles
128,128,256,fpxint_mxu,fpint_naive_m256_k128_n128,lmem,rsp_p50_interval,11.0,cycles
128,128,256,fpxint_mxu,fpint_naive_m256_k128_n128,lmem,rsp_p90_interval,15.0,cycles
128,128,256,fpxint_mxu,fpint_naive_m256_k128_n128,lmem,rsp_p99_interval,16.0,cycles
128,128,256,fpxint_mxu,fpint_naive_m256_k128_n128,lmem,rsp_max_interval,3673.0,cycles
128,128,256,fpxint_mxu,fpint_naive_m256_k128_n128,lmem,rsp_max_burst_len,4.0,count
128,128,256,fpxint_mxu,fpint_naive_m256_k128_n128,lmem,rsp_consecutive_interval_pct,18.78025169409487,cycles
128,128,256,fpxint_mxu,fpint_naive_m256_k128_n128,l1_icache,cache_enabled,1.0,bool
128,128,256,fpxint_mxu,fpint_naive_m256_k128_n128,l1_icache,hit_rate_available,1.0,bool
128,128,256,fpxint_mxu,fpint_naive_m256_k128_n128,l1_icache,read_count,7894.0,count
128,128,256,fpxint_mxu,fpint_naive_m256_k128_n128,l1_icache,write_count,0.0,count
128,128,256,fpxint_mxu,fpint_naive_m256_k128_n128,l1_icache,total_access_count,7894.0,count
128,128,256,fpxint_mxu,fpint_naive_m256_k128_n128,l1_icache,read_miss_count,22.0,count
128,128,256,fpxint_mxu,fpint_naive_m256_k128_n128,l1_icache,write_miss_count,0.0,count
128,128,256,fpxint_mxu,fpint_naive_m256_k128_n128,l1_icache,total_miss_count,22.0,count
128,128,256,fpxint_mxu,fpint_naive_m256_k128_n128,l1_icache,read_hit_count,7872.0,count
128,128,256,fpxint_mxu,fpint_naive_m256_k128_n128,l1_icache,write_hit_count,0.0,count
128,128,256,fpxint_mxu,fpint_naive_m256_k128_n128,l1_icache,total_hit_count,7872.0,count
128,128,256,fpxint_mxu,fpint_naive_m256_k128_n128,l1_icache,read_hit_rate_pct,99.72130732201673,pct
128,128,256,fpxint_mxu,fpint_naive_m256_k128_n128,l1_icache,write_hit_rate_pct,0.0,pct
128,128,256,fpxint_mxu,fpint_naive_m256_k128_n128,l1_icache,overall_hit_rate_pct,99.72130732201673,pct
128,128,256,fpxint_mxu,fpint_naive_m256_k128_n128,l1_icache,read_miss_rate_pct,0.27869267798327846,pct
128,128,256,fpxint_mxu,fpint_naive_m256_k128_n128,l1_icache,write_miss_rate_pct,0.0,pct
128,128,256,fpxint_mxu,fpint_naive_m256_k128_n128,l1_icache,overall_miss_rate_pct,0.27869267798327846,pct
128,128,256,fpxint_mxu,fpint_naive_m256_k128_n128,l1_icache,mshr_stalls_delta,0.0,cycles
128,128,256,fpxint_mxu,fpint_naive_m256_k128_n128,l1_icache,mem_stalls_delta,0.0,cycles
128,128,256,fpxint_mxu,fpint_naive_m256_k128_n128,l1_icache,crsp_stalls_delta,44.0,cycles
128,128,256,fpxint_mxu,fpint_naive_m256_k128_n128,l1_dcache,cache_enabled,0.0,bool
128,128,256,fpxint_mxu,fpint_naive_m256_k128_n128,l1_dcache,hit_rate_available,0.0,bool
128,128,256,fpxint_mxu,fpint_naive_m256_k128_n128,l1_dcache,read_count,0.0,count
128,128,256,fpxint_mxu,fpint_naive_m256_k128_n128,l1_dcache,write_count,0.0,count
128,128,256,fpxint_mxu,fpint_naive_m256_k128_n128,l1_dcache,total_access_count,0.0,count
128,128,256,fpxint_mxu,fpint_naive_m256_k128_n128,l1_dcache,read_miss_count,0.0,count
128,128,256,fpxint_mxu,fpint_naive_m256_k128_n128,l1_dcache,write_miss_count,0.0,count
128,128,256,fpxint_mxu,fpint_naive_m256_k128_n128,l1_dcache,total_miss_count,0.0,count
128,128,256,fpxint_mxu,fpint_naive_m256_k128_n128,l1_dcache,read_hit_count,0.0,count
128,128,256,fpxint_mxu,fpint_naive_m256_k128_n128,l1_dcache,write_hit_count,0.0,count
128,128,256,fpxint_mxu,fpint_naive_m256_k128_n128,l1_dcache,total_hit_count,0.0,count
128,128,256,fpxint_mxu,fpint_naive_m256_k128_n128,l1_dcache,read_hit_rate_pct,0.0,pct
128,128,256,fpxint_mxu,fpint_naive_m256_k128_n128,l1_dcache,write_hit_rate_pct,0.0,pct
128,128,256,fpxint_mxu,fpint_naive_m256_k128_n128,l1_dcache,overall_hit_rate_pct,0.0,pct
128,128,256,fpxint_mxu,fpint_naive_m256_k128_n128,l1_dcache,read_miss_rate_pct,0.0,pct
128,128,256,fpxint_mxu,fpint_naive_m256_k128_n128,l1_dcache,write_miss_rate_pct,0.0,pct
128,128,256,fpxint_mxu,fpint_naive_m256_k128_n128,l1_dcache,overall_miss_rate_pct,0.0,pct
128,128,256,fpxint_mxu,fpint_naive_m256_k128_n128,l1_dcache,mshr_stalls_delta,0.0,cycles
128,128,256,fpxint_mxu,fpint_naive_m256_k128_n128,l1_dcache,mem_stalls_delta,0.0,cycles
128,128,256,fpxint_mxu,fpint_naive_m256_k128_n128,l1_dcache,crsp_stalls_delta,0.0,cycles
128,128,256,fpxint_mxu,fpint_naive_m256_k128_n128,l2cache,cache_enabled,1.0,bool
128,128,256,fpxint_mxu,fpint_naive_m256_k128_n128,l2cache,hit_rate_available,1.0,bool
128,128,256,fpxint_mxu,fpint_naive_m256_k128_n128,l2cache,read_count,1404.0,count
128,128,256,fpxint_mxu,fpint_naive_m256_k128_n128,l2cache,write_count,1044.0,count
128,128,256,fpxint_mxu,fpint_naive_m256_k128_n128,l2cache,total_access_count,2448.0,count
128,128,256,fpxint_mxu,fpint_naive_m256_k128_n128,l2cache,read_miss_count,1211.0,count
128,128,256,fpxint_mxu,fpint_naive_m256_k128_n128,l2cache,write_miss_count,1035.0,count
128,128,256,fpxint_mxu,fpint_naive_m256_k128_n128,l2cache,total_miss_count,2246.0,count
128,128,256,fpxint_mxu,fpint_naive_m256_k128_n128,l2cache,read_hit_count,193.0,count
128,128,256,fpxint_mxu,fpint_naive_m256_k128_n128,l2cache,write_hit_count,9.0,count
128,128,256,fpxint_mxu,fpint_naive_m256_k128_n128,l2cache,total_hit_count,202.0,count
128,128,256,fpxint_mxu,fpint_naive_m256_k128_n128,l2cache,read_hit_rate_pct,13.746438746438747,pct
128,128,256,fpxint_mxu,fpint_naive_m256_k128_n128,l2cache,write_hit_rate_pct,0.8620689655172413,pct
128,128,256,fpxint_mxu,fpint_naive_m256_k128_n128,l2cache,overall_hit_rate_pct,8.251633986928105,pct
128,128,256,fpxint_mxu,fpint_naive_m256_k128_n128,l2cache,read_miss_rate_pct,86.25356125356126,pct
128,128,256,fpxint_mxu,fpint_naive_m256_k128_n128,l2cache,write_miss_rate_pct,99.13793103448276,pct
128,128,256,fpxint_mxu,fpint_naive_m256_k128_n128,l2cache,overall_miss_rate_pct,91.7483660130719,pct
128,128,256,fpxint_mxu,fpint_naive_m256_k128_n128,l2cache,mshr_stalls_delta,0.0,cycles
128,128,256,fpxint_mxu,fpint_naive_m256_k128_n128,l2cache,mem_stalls_delta,0.0,cycles
128,128,256,fpxint_mxu,fpint_naive_m256_k128_n128,l2cache,crsp_stalls_delta,0.0,cycles
256,256,256,fpxint_mxu,fpint_naive_m256_k256_n256,memory_window,busy_cycles_denominator,324576.0,cycles
256,256,256,fpxint_mxu,fpint_naive_m256_k256_n256,memory_window,user_kernel_body_cycles_denominator,316856.0,cycles
256,256,256,fpxint_mxu,fpint_naive_m256_k256_n256,hbm_axi,read_bytes,173696.0,bytes
256,256,256,fpxint_mxu,fpint_naive_m256_k256_n256,hbm_axi,write_bytes,131204.0,bytes
256,256,256,fpxint_mxu,fpint_naive_m256_k256_n256,hbm_axi,total_bytes,304900.0,bytes
256,256,256,fpxint_mxu,fpint_naive_m256_k256_n256,hbm_axi,read_req_count,2714.0,count
256,256,256,fpxint_mxu,fpint_naive_m256_k256_n256,hbm_axi,read_rsp_count,2714.0,count
256,256,256,fpxint_mxu,fpint_naive_m256_k256_n256,hbm_axi,write_addr_count,2068.0,count
256,256,256,fpxint_mxu,fpint_naive_m256_k256_n256,hbm_axi,write_data_count,2068.0,count
256,256,256,fpxint_mxu,fpint_naive_m256_k256_n256,hbm_axi,write_rsp_count,2068.0,count
256,256,256,fpxint_mxu,fpint_naive_m256_k256_n256,hbm_axi,active_cycles,9564.0,cycles
256,256,256,fpxint_mxu,fpint_naive_m256_k256_n256,hbm_axi,active_pct_busy,2.9466134279798877,pct
256,256,256,fpxint_mxu,fpint_naive_m256_k256_n256,hbm_axi,active_pct_user_kernel_body,3.0184058373519833,pct
256,256,256,fpxint_mxu,fpint_naive_m256_k256_n256,hbm_axi,bandwidth_bytes_per_active_cycle,31.87996654119615,B/cycle
256,256,256,fpxint_mxu,fpint_naive_m256_k256_n256,hbm_axi,bandwidth_bytes_per_busy_cycle,0.9393793749383812,B/cycle
256,256,256,fpxint_mxu,fpint_naive_m256_k256_n256,hbm_axi,bandwidth_bytes_per_user_cycle,0.9622667710253238,B/cycle
256,256,256,fpxint_mxu,fpint_naive_m256_k256_n256,hbm_axi,read_latency_count,2714.0,count
256,256,256,fpxint_mxu,fpint_naive_m256_k256_n256,hbm_axi,read_latency_mean,3.003316138540899,cycles
256,256,256,fpxint_mxu,fpint_naive_m256_k256_n256,hbm_axi,read_latency_p50,3.0,cycles
256,256,256,fpxint_mxu,fpint_naive_m256_k256_n256,hbm_axi,read_latency_p90,3.0,cycles
256,256,256,fpxint_mxu,fpint_naive_m256_k256_n256,hbm_axi,read_latency_p99,3.0,cycles
256,256,256,fpxint_mxu,fpint_naive_m256_k256_n256,hbm_axi,read_latency_max,6.0,cycles
256,256,256,fpxint_mxu,fpint_naive_m256_k256_n256,hbm_axi,write_latency_count,2068.0,count
256,256,256,fpxint_mxu,fpint_naive_m256_k256_n256,hbm_axi,write_latency_mean,3.0,cycles
256,256,256,fpxint_mxu,fpint_naive_m256_k256_n256,hbm_axi,write_latency_p50,3.0,cycles
256,256,256,fpxint_mxu,fpint_naive_m256_k256_n256,hbm_axi,write_latency_p90,3.0,cycles
256,256,256,fpxint_mxu,fpint_naive_m256_k256_n256,hbm_axi,write_latency_p99,3.0,cycles
256,256,256,fpxint_mxu,fpint_naive_m256_k256_n256,hbm_axi,write_latency_max,3.0,cycles
256,256,256,fpxint_mxu,fpint_naive_m256_k256_n256,hbm_axi,read_req_event_count,2714.0,count
256,256,256,fpxint_mxu,fpint_naive_m256_k256_n256,hbm_axi,read_req_mean_interval,116.73239955768521,cycles
256,256,256,fpxint_mxu,fpint_naive_m256_k256_n256,hbm_axi,read_req_p50_interval,24.0,cycles
256,256,256,fpxint_mxu,fpint_naive_m256_k256_n256,hbm_axi,read_req_p90_interval,26.0,cycles
256,256,256,fpxint_mxu,fpint_naive_m256_k256_n256,hbm_axi,read_req_p99_interval,69.48000000000229,cycles
256,256,256,fpxint_mxu,fpint_naive_m256_k256_n256,hbm_axi,read_req_max_interval,137371.0,cycles
256,256,256,fpxint_mxu,fpint_naive_m256_k256_n256,hbm_axi,read_req_max_burst_len,1.0,count
256,256,256,fpxint_mxu,fpint_naive_m256_k256_n256,hbm_axi,read_req_consecutive_interval_pct,0.0,cycles
256,256,256,fpxint_mxu,fpint_naive_m256_k256_n256,hbm_axi,read_rsp_event_count,2714.0,count
256,256,256,fpxint_mxu,fpint_naive_m256_k256_n256,hbm_axi,read_rsp_mean_interval,116.73239955768521,cycles
256,256,256,fpxint_mxu,fpint_naive_m256_k256_n256,hbm_axi,read_rsp_p50_interval,24.0,cycles
256,256,256,fpxint_mxu,fpint_naive_m256_k256_n256,hbm_axi,read_rsp_p90_interval,26.0,cycles
256,256,256,fpxint_mxu,fpint_naive_m256_k256_n256,hbm_axi,read_rsp_p99_interval,69.48000000000229,cycles
256,256,256,fpxint_mxu,fpint_naive_m256_k256_n256,hbm_axi,read_rsp_max_interval,137374.0,cycles
256,256,256,fpxint_mxu,fpint_naive_m256_k256_n256,hbm_axi,read_rsp_max_burst_len,1.0,count
256,256,256,fpxint_mxu,fpint_naive_m256_k256_n256,hbm_axi,read_rsp_consecutive_interval_pct,0.0,cycles
256,256,256,fpxint_mxu,fpint_naive_m256_k256_n256,hbm_axi,write_addr_event_count,2068.0,count
256,256,256,fpxint_mxu,fpint_naive_m256_k256_n256,hbm_axi,write_addr_mean_interval,153.17077890662796,cycles
256,256,256,fpxint_mxu,fpint_naive_m256_k256_n256,hbm_axi,write_addr_p50_interval,11.0,cycles
256,256,256,fpxint_mxu,fpint_naive_m256_k256_n256,hbm_axi,write_addr_p90_interval,13.0,cycles
256,256,256,fpxint_mxu,fpint_naive_m256_k256_n256,hbm_axi,write_addr_p99_interval,13.0,cycles
256,256,256,fpxint_mxu,fpint_naive_m256_k256_n256,hbm_axi,write_addr_max_interval,86036.0,cycles
256,256,256,fpxint_mxu,fpint_naive_m256_k256_n256,hbm_axi,write_addr_max_burst_len,1.0,count
256,256,256,fpxint_mxu,fpint_naive_m256_k256_n256,hbm_axi,write_addr_consecutive_interval_pct,0.0,cycles
256,256,256,fpxint_mxu,fpint_naive_m256_k256_n256,hbm_axi,write_data_event_count,2068.0,count
256,256,256,fpxint_mxu,fpint_naive_m256_k256_n256,hbm_axi,write_data_mean_interval,153.17077890662796,cycles
256,256,256,fpxint_mxu,fpint_naive_m256_k256_n256,hbm_axi,write_data_p50_interval,11.0,cycles
256,256,256,fpxint_mxu,fpint_naive_m256_k256_n256,hbm_axi,write_data_p90_interval,13.0,cycles
256,256,256,fpxint_mxu,fpint_naive_m256_k256_n256,hbm_axi,write_data_p99_interval,13.0,cycles
256,256,256,fpxint_mxu,fpint_naive_m256_k256_n256,hbm_axi,write_data_max_interval,86036.0,cycles
256,256,256,fpxint_mxu,fpint_naive_m256_k256_n256,hbm_axi,write_data_max_burst_len,1.0,count
256,256,256,fpxint_mxu,fpint_naive_m256_k256_n256,hbm_axi,write_data_consecutive_interval_pct,0.0,cycles
256,256,256,fpxint_mxu,fpint_naive_m256_k256_n256,hbm_axi,write_rsp_event_count,2068.0,count
256,256,256,fpxint_mxu,fpint_naive_m256_k256_n256,hbm_axi,write_rsp_mean_interval,153.17077890662796,cycles
256,256,256,fpxint_mxu,fpint_naive_m256_k256_n256,hbm_axi,write_rsp_p50_interval,11.0,cycles
256,256,256,fpxint_mxu,fpint_naive_m256_k256_n256,hbm_axi,write_rsp_p90_interval,13.0,cycles
256,256,256,fpxint_mxu,fpint_naive_m256_k256_n256,hbm_axi,write_rsp_p99_interval,13.0,cycles
256,256,256,fpxint_mxu,fpint_naive_m256_k256_n256,hbm_axi,write_rsp_max_interval,86036.0,cycles
256,256,256,fpxint_mxu,fpint_naive_m256_k256_n256,hbm_axi,write_rsp_max_burst_len,1.0,count
256,256,256,fpxint_mxu,fpint_naive_m256_k256_n256,hbm_axi,write_rsp_consecutive_interval_pct,0.0,cycles
256,256,256,fpxint_mxu,fpint_naive_m256_k256_n256,dcache,read_bytes,25392.0,bytes
256,256,256,fpxint_mxu,fpint_naive_m256_k256_n256,dcache,write_bytes,480.0,bytes
256,256,256,fpxint_mxu,fpint_naive_m256_k256_n256,dcache,total_bytes,25872.0,bytes
256,256,256,fpxint_mxu,fpint_naive_m256_k256_n256,dcache,read_req_count,3174.0,count
256,256,256,fpxint_mxu,fpint_naive_m256_k256_n256,dcache,write_req_count,60.0,count
256,256,256,fpxint_mxu,fpint_naive_m256_k256_n256,dcache,rsp_count,3174.0,count
256,256,256,fpxint_mxu,fpint_naive_m256_k256_n256,dcache,perf_loads_delta,3174.0,count
256,256,256,fpxint_mxu,fpint_naive_m256_k256_n256,dcache,perf_stores_delta,60.0,count
256,256,256,fpxint_mxu,fpint_naive_m256_k256_n256,dcache,perf_avg_load_latency,3.1231884057971016,cycles
256,256,256,fpxint_mxu,fpint_naive_m256_k256_n256,dcache,active_cycles,6407.0,cycles
256,256,256,fpxint_mxu,fpint_naive_m256_k256_n256,dcache,active_pct_busy,1.9739598738045943,pct
256,256,256,fpxint_mxu,fpint_naive_m256_k256_n256,dcache,active_pct_user_kernel_body,2.0220541823415052,pct
256,256,256,fpxint_mxu,fpint_naive_m256_k256_n256,dcache,bandwidth_bytes_per_active_cycle,4.038083346339941,B/cycle
256,256,256,fpxint_mxu,fpint_naive_m256_k256_n256,dcache,bandwidth_bytes_per_busy_cycle,0.07971014492753623,B/cycle
256,256,256,fpxint_mxu,fpint_naive_m256_k256_n256,dcache,bandwidth_bytes_per_user_cycle,0.08165223319110258,B/cycle
256,256,256,fpxint_mxu,fpint_naive_m256_k256_n256,dcache,read_latency_count,3174.0,count
256,256,256,fpxint_mxu,fpint_naive_m256_k256_n256,dcache,read_latency_mean,4.1231884057971016,cycles
256,256,256,fpxint_mxu,fpint_naive_m256_k256_n256,dcache,read_latency_p50,4.0,cycles
256,256,256,fpxint_mxu,fpint_naive_m256_k256_n256,dcache,read_latency_p90,4.0,cycles
256,256,256,fpxint_mxu,fpint_naive_m256_k256_n256,dcache,read_latency_p99,13.0,cycles
256,256,256,fpxint_mxu,fpint_naive_m256_k256_n256,dcache,read_latency_max,24.0,cycles
256,256,256,fpxint_mxu,fpint_naive_m256_k256_n256,dcache,read_req_event_count,3174.0,count
256,256,256,fpxint_mxu,fpint_naive_m256_k256_n256,dcache,read_req_mean_interval,99.72360542073747,cycles
256,256,256,fpxint_mxu,fpint_naive_m256_k256_n256,dcache,read_req_p50_interval,100.0,cycles
256,256,256,fpxint_mxu,fpint_naive_m256_k256_n256,dcache,read_req_p90_interval,100.0,cycles
256,256,256,fpxint_mxu,fpint_naive_m256_k256_n256,dcache,read_req_p99_interval,100.0,cycles
256,256,256,fpxint_mxu,fpint_naive_m256_k256_n256,dcache,read_req_max_interval,1196.0,cycles
256,256,256,fpxint_mxu,fpint_naive_m256_k256_n256,dcache,read_req_max_burst_len,1.0,count
256,256,256,fpxint_mxu,fpint_naive_m256_k256_n256,dcache,read_req_consecutive_interval_pct,0.0,cycles
256,256,256,fpxint_mxu,fpint_naive_m256_k256_n256,dcache,write_req_event_count,60.0,count
256,256,256,fpxint_mxu,fpint_naive_m256_k256_n256,dcache,write_req_mean_interval,5366.169491525424,cycles
256,256,256,fpxint_mxu,fpint_naive_m256_k256_n256,dcache,write_req_p50_interval,8.0,cycles
256,256,256,fpxint_mxu,fpint_naive_m256_k256_n256,dcache,write_req_p90_interval,53.20000000000013,cycles
256,256,256,fpxint_mxu,fpint_naive_m256_k256_n256,dcache,write_req_p99_interval,132620.08000000054,cycles
256,256,256,fpxint_mxu,fpint_naive_m256_k256_n256,dcache,write_req_max_interval,313565.0,cycles
256,256,256,fpxint_mxu,fpint_naive_m256_k256_n256,dcache,write_req_max_burst_len,2.0,count
256,256,256,fpxint_mxu,fpint_naive_m256_k256_n256,dcache,write_req_consecutive_interval_pct,1.694915254237288,cycles
256,256,256,fpxint_mxu,fpint_naive_m256_k256_n256,dcache,rsp_event_count,3174.0,count
256,256,256,fpxint_mxu,fpint_naive_m256_k256_n256,dcache,rsp_mean_interval,99.72013867002836,cycles
256,256,256,fpxint_mxu,fpint_naive_m256_k256_n256,dcache,rsp_p50_interval,100.0,cycles
256,256,256,fpxint_mxu,fpint_naive_m256_k256_n256,dcache,rsp_p90_interval,100.0,cycles
256,256,256,fpxint_mxu,fpint_naive_m256_k256_n256,dcache,rsp_p99_interval,100.0,cycles
256,256,256,fpxint_mxu,fpint_naive_m256_k256_n256,dcache,rsp_max_interval,1187.0,cycles
256,256,256,fpxint_mxu,fpint_naive_m256_k256_n256,dcache,rsp_max_burst_len,2.0,count
256,256,256,fpxint_mxu,fpint_naive_m256_k256_n256,dcache,rsp_consecutive_interval_pct,0.03151591553734636,cycles
256,256,256,fpxint_mxu,fpint_naive_m256_k256_n256,lmem,read_bytes,1261568.0,bytes
256,256,256,fpxint_mxu,fpint_naive_m256_k256_n256,lmem,write_bytes,475136.0,bytes
256,256,256,fpxint_mxu,fpint_naive_m256_k256_n256,lmem,total_bytes,1736704.0,bytes
256,256,256,fpxint_mxu,fpint_naive_m256_k256_n256,lmem,read_req_count,157696.0,count
256,256,256,fpxint_mxu,fpint_naive_m256_k256_n256,lmem,write_req_count,59392.0,count
256,256,256,fpxint_mxu,fpint_naive_m256_k256_n256,lmem,rsp_count,157696.0,count
256,256,256,fpxint_mxu,fpint_naive_m256_k256_n256,lmem,perf_reads_delta,157696.0,count
256,256,256,fpxint_mxu,fpint_naive_m256_k256_n256,lmem,perf_writes_delta,59392.0,count
256,256,256,fpxint_mxu,fpint_naive_m256_k256_n256,lmem,perf_crsp_stalls_delta,0.0,cycles
256,256,256,fpxint_mxu,fpint_naive_m256_k256_n256,lmem,active_cycles,59598.0,cycles
256,256,256,fpxint_mxu,fpint_naive_m256_k256_n256,lmem,active_pct_busy,18.361801242236027,pct
256,256,256,fpxint_mxu,fpint_naive_m256_k256_n256,lmem,active_pct_user_kernel_body,18.809175145807558,pct
256,256,256,fpxint_mxu,fpint_naive_m256_k256_n256,lmem,bandwidth_bytes_per_active_cycle,29.14030672170207,B/cycle
256,256,256,fpxint_mxu,fpint_naive_m256_k256_n256,lmem,bandwidth_bytes_per_busy_cycle,5.350685201616878,B/cycle
256,256,256,fpxint_mxu,fpint_naive_m256_k256_n256,lmem,bandwidth_bytes_per_user_cycle,5.481051329310476,B/cycle
256,256,256,fpxint_mxu,fpint_naive_m256_k256_n256,lmem,read_latency_count,157696.0,count
256,256,256,fpxint_mxu,fpint_naive_m256_k256_n256,lmem,read_latency_mean,3.0,cycles
256,256,256,fpxint_mxu,fpint_naive_m256_k256_n256,lmem,read_latency_p50,3.0,cycles
256,256,256,fpxint_mxu,fpint_naive_m256_k256_n256,lmem,read_latency_p90,3.0,cycles
256,256,256,fpxint_mxu,fpint_naive_m256_k256_n256,lmem,read_latency_p99,3.0,cycles
256,256,256,fpxint_mxu,fpint_naive_m256_k256_n256,lmem,read_latency_max,3.0,cycles
256,256,256,fpxint_mxu,fpint_naive_m256_k256_n256,lmem,read_req_event_count,26880.0,count
256,256,256,fpxint_mxu,fpint_naive_m256_k256_n256,lmem,read_req_mean_interval,11.032702109453476,cycles
256,256,256,fpxint_mxu,fpint_naive_m256_k256_n256,lmem,read_req_p50_interval,13.0,cycles
256,256,256,fpxint_mxu,fpint_naive_m256_k256_n256,lmem,read_req_p90_interval,15.0,cycles
256,256,256,fpxint_mxu,fpint_naive_m256_k256_n256,lmem,read_req_p99_interval,16.0,cycles
256,256,256,fpxint_mxu,fpint_naive_m256_k256_n256,lmem,read_req_max_interval,3673.0,cycles
256,256,256,fpxint_mxu,fpint_naive_m256_k256_n256,lmem,read_req_max_burst_len,3.0,count
256,256,256,fpxint_mxu,fpint_naive_m256_k256_n256,lmem,read_req_consecutive_interval_pct,17.83548495107705,cycles
256,256,256,fpxint_mxu,fpint_naive_m256_k256_n256,lmem,write_req_event_count,7424.0,count
256,256,256,fpxint_mxu,fpint_naive_m256_k256_n256,lmem,write_req_mean_interval,41.40778660918766,cycles
256,256,256,fpxint_mxu,fpint_naive_m256_k256_n256,lmem,write_req_p50_interval,15.0,cycles
256,256,256,fpxint_mxu,fpint_naive_m256_k256_n256,lmem,write_req_p90_interval,26.0,cycles
256,256,256,fpxint_mxu,fpint_naive_m256_k256_n256,lmem,write_req_p99_interval,26.0,cycles
256,256,256,fpxint_mxu,fpint_naive_m256_k256_n256,lmem,write_req_max_interval,55254.0,cycles
256,256,256,fpxint_mxu,fpint_naive_m256_k256_n256,lmem,write_req_max_burst_len,1.0,count
256,256,256,fpxint_mxu,fpint_naive_m256_k256_n256,lmem,write_req_consecutive_interval_pct,0.0,cycles
256,256,256,fpxint_mxu,fpint_naive_m256_k256_n256,lmem,rsp_event_count,26880.0,count
256,256,256,fpxint_mxu,fpint_naive_m256_k256_n256,lmem,rsp_mean_interval,11.032702109453476,cycles
256,256,256,fpxint_mxu,fpint_naive_m256_k256_n256,lmem,rsp_p50_interval,13.0,cycles
256,256,256,fpxint_mxu,fpint_naive_m256_k256_n256,lmem,rsp_p90_interval,15.0,cycles
256,256,256,fpxint_mxu,fpint_naive_m256_k256_n256,lmem,rsp_p99_interval,16.0,cycles
256,256,256,fpxint_mxu,fpint_naive_m256_k256_n256,lmem,rsp_max_interval,3673.0,cycles
256,256,256,fpxint_mxu,fpint_naive_m256_k256_n256,lmem,rsp_max_burst_len,3.0,count
256,256,256,fpxint_mxu,fpint_naive_m256_k256_n256,lmem,rsp_consecutive_interval_pct,17.83548495107705,cycles
256,256,256,fpxint_mxu,fpint_naive_m256_k256_n256,l1_icache,cache_enabled,1.0,bool
256,256,256,fpxint_mxu,fpint_naive_m256_k256_n256,l1_icache,hit_rate_available,1.0,bool
256,256,256,fpxint_mxu,fpint_naive_m256_k256_n256,l1_icache,read_count,25398.0,count
256,256,256,fpxint_mxu,fpint_naive_m256_k256_n256,l1_icache,write_count,0.0,count
256,256,256,fpxint_mxu,fpint_naive_m256_k256_n256,l1_icache,total_access_count,25398.0,count
256,256,256,fpxint_mxu,fpint_naive_m256_k256_n256,l1_icache,read_miss_count,22.0,count
256,256,256,fpxint_mxu,fpint_naive_m256_k256_n256,l1_icache,write_miss_count,0.0,count
256,256,256,fpxint_mxu,fpint_naive_m256_k256_n256,l1_icache,total_miss_count,22.0,count
256,256,256,fpxint_mxu,fpint_naive_m256_k256_n256,l1_icache,read_hit_count,25376.0,count
256,256,256,fpxint_mxu,fpint_naive_m256_k256_n256,l1_icache,write_hit_count,0.0,count
256,256,256,fpxint_mxu,fpint_naive_m256_k256_n256,l1_icache,total_hit_count,25376.0,count
256,256,256,fpxint_mxu,fpint_naive_m256_k256_n256,l1_icache,read_hit_rate_pct,99.91337900622096,pct
256,256,256,fpxint_mxu,fpint_naive_m256_k256_n256,l1_icache,write_hit_rate_pct,0.0,pct
256,256,256,fpxint_mxu,fpint_naive_m256_k256_n256,l1_icache,overall_hit_rate_pct,99.91337900622096,pct
256,256,256,fpxint_mxu,fpint_naive_m256_k256_n256,l1_icache,read_miss_rate_pct,0.08662099377903772,pct
256,256,256,fpxint_mxu,fpint_naive_m256_k256_n256,l1_icache,write_miss_rate_pct,0.0,pct
256,256,256,fpxint_mxu,fpint_naive_m256_k256_n256,l1_icache,overall_miss_rate_pct,0.08662099377903772,pct
256,256,256,fpxint_mxu,fpint_naive_m256_k256_n256,l1_icache,mshr_stalls_delta,0.0,cycles
256,256,256,fpxint_mxu,fpint_naive_m256_k256_n256,l1_icache,mem_stalls_delta,0.0,cycles
256,256,256,fpxint_mxu,fpint_naive_m256_k256_n256,l1_icache,crsp_stalls_delta,44.0,cycles
256,256,256,fpxint_mxu,fpint_naive_m256_k256_n256,l1_dcache,cache_enabled,0.0,bool
256,256,256,fpxint_mxu,fpint_naive_m256_k256_n256,l1_dcache,hit_rate_available,0.0,bool
256,256,256,fpxint_mxu,fpint_naive_m256_k256_n256,l1_dcache,read_count,0.0,count
256,256,256,fpxint_mxu,fpint_naive_m256_k256_n256,l1_dcache,write_count,0.0,count
256,256,256,fpxint_mxu,fpint_naive_m256_k256_n256,l1_dcache,total_access_count,0.0,count
256,256,256,fpxint_mxu,fpint_naive_m256_k256_n256,l1_dcache,read_miss_count,0.0,count
256,256,256,fpxint_mxu,fpint_naive_m256_k256_n256,l1_dcache,write_miss_count,0.0,count
256,256,256,fpxint_mxu,fpint_naive_m256_k256_n256,l1_dcache,total_miss_count,0.0,count
256,256,256,fpxint_mxu,fpint_naive_m256_k256_n256,l1_dcache,read_hit_count,0.0,count
256,256,256,fpxint_mxu,fpint_naive_m256_k256_n256,l1_dcache,write_hit_count,0.0,count
256,256,256,fpxint_mxu,fpint_naive_m256_k256_n256,l1_dcache,total_hit_count,0.0,count
256,256,256,fpxint_mxu,fpint_naive_m256_k256_n256,l1_dcache,read_hit_rate_pct,0.0,pct
256,256,256,fpxint_mxu,fpint_naive_m256_k256_n256,l1_dcache,write_hit_rate_pct,0.0,pct
256,256,256,fpxint_mxu,fpint_naive_m256_k256_n256,l1_dcache,overall_hit_rate_pct,0.0,pct
256,256,256,fpxint_mxu,fpint_naive_m256_k256_n256,l1_dcache,read_miss_rate_pct,0.0,pct
256,256,256,fpxint_mxu,fpint_naive_m256_k256_n256,l1_dcache,write_miss_rate_pct,0.0,pct
256,256,256,fpxint_mxu,fpint_naive_m256_k256_n256,l1_dcache,overall_miss_rate_pct,0.0,pct
256,256,256,fpxint_mxu,fpint_naive_m256_k256_n256,l1_dcache,mshr_stalls_delta,0.0,cycles
256,256,256,fpxint_mxu,fpint_naive_m256_k256_n256,l1_dcache,mem_stalls_delta,0.0,cycles
256,256,256,fpxint_mxu,fpint_naive_m256_k256_n256,l1_dcache,crsp_stalls_delta,0.0,cycles
256,256,256,fpxint_mxu,fpint_naive_m256_k256_n256,l2cache,cache_enabled,1.0,bool
256,256,256,fpxint_mxu,fpint_naive_m256_k256_n256,l2cache,hit_rate_available,1.0,bool
256,256,256,fpxint_mxu,fpint_naive_m256_k256_n256,l2cache,read_count,5436.0,count
256,256,256,fpxint_mxu,fpint_naive_m256_k256_n256,l2cache,write_count,2068.0,count
256,256,256,fpxint_mxu,fpint_naive_m256_k256_n256,l2cache,total_access_count,7504.0,count
256,256,256,fpxint_mxu,fpint_naive_m256_k256_n256,l2cache,read_miss_count,2715.0,count
256,256,256,fpxint_mxu,fpint_naive_m256_k256_n256,l2cache,write_miss_count,2059.0,count
256,256,256,fpxint_mxu,fpint_naive_m256_k256_n256,l2cache,total_miss_count,4774.0,count
256,256,256,fpxint_mxu,fpint_naive_m256_k256_n256,l2cache,read_hit_count,2721.0,count
256,256,256,fpxint_mxu,fpint_naive_m256_k256_n256,l2cache,write_hit_count,9.0,count
256,256,256,fpxint_mxu,fpint_naive_m256_k256_n256,l2cache,total_hit_count,2730.0,count
256,256,256,fpxint_mxu,fpint_naive_m256_k256_n256,l2cache,read_hit_rate_pct,50.0551876379691,pct
256,256,256,fpxint_mxu,fpint_naive_m256_k256_n256,l2cache,write_hit_rate_pct,0.43520309477756286,pct
256,256,256,fpxint_mxu,fpint_naive_m256_k256_n256,l2cache,overall_hit_rate_pct,36.38059701492537,pct
256,256,256,fpxint_mxu,fpint_naive_m256_k256_n256,l2cache,read_miss_rate_pct,49.9448123620309,pct
256,256,256,fpxint_mxu,fpint_naive_m256_k256_n256,l2cache,write_miss_rate_pct,99.56479690522244,pct
256,256,256,fpxint_mxu,fpint_naive_m256_k256_n256,l2cache,overall_miss_rate_pct,63.61940298507463,pct
256,256,256,fpxint_mxu,fpint_naive_m256_k256_n256,l2cache,mshr_stalls_delta,0.0,cycles
256,256,256,fpxint_mxu,fpint_naive_m256_k256_n256,l2cache,mem_stalls_delta,0.0,cycles
256,256,256,fpxint_mxu,fpint_naive_m256_k256_n256,l2cache,crsp_stalls_delta,0.0,cycles
